description,business_tags,sector,category,niche,insurance_label,insurance_label_scores,pred_status,top1_score,gap_top1_top2,human_ok,notes
"Alkov Design is a design and art direction company that specializes in web design, motion graphics, 3D modeling, branding, art direction, illustration, and Ui/Ux. The company's main focus is on providing creative solutions that are tailored to the needs of their clients. They have worked with various clients, including Vialis, CareerLab, Biodez, and GM - Travel Marketing, to create web, animation, graphic, and branding designs. Additionally, they have experience in creating 3D animations and random animations.","['Animation Services', 'Graphic Design Services', 'UI/UX Design Services for Web Development', 'Branding Services', 'Motion Graphics Services', 'Art Direction Services']",Services,Graphic Design,Graphic Design Services,Graphic Design Services,0.4419,confident,0.4418847536845167,0.2258519609664385,,
Escape Room in Sleen is a company that offers escape room services. They are currently in the process of launching and will soon be available for bookings.,"['Corporate Event Planning', 'Immersive Experiences', 'Immersive Escape Room Experiences', 'Sneak Out Sleeps Event Planning Services', 'Recreational Activities Planning']",Services,Sporting & Recreational Camps,Recreational and Vacation Camps (except Campgrounds),Event Planning Services,0.4087,confident,0.4087159597490385,0.2189938735195451,,
"Sure Tradelink is a leading company engaged in the distribution, exporting, importing, trading, and supplying of paper and board products. They offer a wide range of paper products including packaging paper, printing and writing paper, specialty grades paper, paper bags, and bagasse disposables. Their products are known for their flexibility in customization in terms of color combination, finish, and size. The company aims to provide high-quality paper trade services with a focus on customer satisfaction and quality assurance. They strive to create a greener future by continuously improving their work processes.","['Fluting Medium', 'Corrugated Grades', 'Newsprint Paper', 'Custom Paper Bags', 'Customized Solutions for Paperboard Packaging', 'Paper Importer and Exporter', 'Bleached Kraft Paper', 'Books & Paper', 'Liquid Packaging Board', 'Paperboard One-stop Solution', 'Light Weight Coated Paper', 'Paper & Tissue', 'Recycled Boards', 'Cast Coated Hi-gloss', 'White Top Liner', 'Folding Box Board', 'PE Coated Board', 'Printed Greaseproof Paper', 'Printing & Paper', 'Specialty Grade Papers', 'Waste Grades Supplier', 'Bagasse Disposable', 'Conversion Services', 'Decor Paper', 'Paper Indentings']",Wholesale,Paper & Cardboard Products,Printing and Writing Paper Merchant Wholesalers,Paper Production Services,0.4049,confident,0.4049224353312924,0.3446550503488952,,
"Kennedy Insulation Systems is an insulation contractor located at 714 Ansborough Ave in Waterloo, IA. Established in 1981, they specialize in insulation contracting, dry wall contracting, and drywall contracting. They are listed in the categories of Insulation Contractors, Dry Wall Contractors and Drywall Contractors. Customers are encouraged to leave reviews to help improve the business.","['Construction Services', 'Insulation Contracting Services', 'Home Improvement Services', 'Dry Wall Contracting', 'Drywall Installation Services']",Services,Drywall & Insulation Contractors,Drywall and Insulation Contractors,Drywall Services,0.4006,confident,0.4005884715378758,0.0817207906669997,,
Trailer Park Buyers is a company that specializes in purchasing mobile home parks across the United States. They offer a quick and hassle-free solution for those who are tired of managing their mobile home park and are looking to sell their property quickly. The company is made up of investors who are interested in acquiring mobile home Parks and are willing to make an offer on any situation or condition the park is in. Their main focus is on the betterment of the park and their dealings with those who wish to sell.,['Real Estate Investments'],Services,Real Estate Investment,Lessors of Other Real Estate Property,Real Estate Services,0.3970,confident,0.3969842457884995,0.2801200472522399,,
Ideas Marbella - Interiorismo y Decoración is a company that specializes in interior design and decoration services. They offer a range of products and services related to interior decorating and design.,"['Decoration Solutions', 'Interior Decoration Services', 'Wedding Planning Services', 'Event Planning Services']",Services,Decorators & Interior Designers,Interior Design Services,Event Planning Services,0.3874,confident,0.3874194207606404,0.0858924453909568,,
"MaxD Plus is a travel agency based in Bangkok, Thailand that specializes in providing high-quality travel services to its customers. The company offers a range of services including flight tickets, hotel bookings, car rentals, and travel insurance. MaxD Plus has a team of experienced professionals who are dedicated to providing excellent customer service and ensuring customer satisfaction. The agency has received positive feedback from customers who have praised their professionalism and expertise in the field.","['Airline Ticketing Services', 'Travel Agency Services', 'Air Transportation Services', 'Transportation Services']",Services,Travel Agencies,Travel Agencies,Travel Services,0.3506,confident,0.3506490054386837,0.2827135081755785,,
"Shree Bhageshwari Papers Private Limited, also known as Sbppl, is a paper manufacturing company based in Muzaffarnagar, Uttar Pradesh, India. They specialize in producing a wide range of paper products, including M.G. Posters, High B.F. Kraft Paper, Hard Tissue, Soft Tissue and Kitchen Towels, Sublimation Paper, Bleached Kraft, and 18 B.f. Kraft paper. The company is committed to eco-conscious practices and offers a comprehensive selection of premium paper solutions tailored to meet customer requirements. They source their raw materials from around the world and utilize advanced processes to ensure quality and sustainability. SBPPT's products are certified with ISO 9001, ISO 14001, Ohsas, ISO 45001, ISO 22000, and FDA. With a focus on innovation and sustainability, the company aims to become a leader in the paper manufacturing industry.","['Hard Tissue', 'Paper Mill Company', 'Towels Manufacturer', 'M.G. Posters', 'Effluent Treatment Plants', 'Soft Tissues Manufacturer', 'Electrostatic Precipitators', 'Plantation Drives', 'High BF Kraft Paper', 'Precision-engineered Sublimation Paper', 'Paper Industry']",Manufacturing,Paper & Cardboard Products,Paper Mills,Paper Production Services,0.3086,confident,0.3086428528011516,0.2759030437735303,,
The Camino de Santiago Community is a company that operates an official website dedicated to the Camino del Sur region. The website serves as a platform for the community to connect with each other and the wider Camino community.,"['Community Platform', 'Resource Aggregator', 'Community Engagement Platform', 'Information Sharing', 'Resource Provider']",Government,"Executive, Legislative & Government Institutions",Public Finance Activities,Community Engagement Services,0.2950,confident,0.2950043226075376,0.2474763292241155,,
"Litebay is a company that specializes in providing comprehensive services for the lighting industry, with a focus on sourcing, factory audit, inspection, production follow-up, project management, and flexible services. The company is composed of a team of senior merchandisers, inspectors, and engineers with over 10 years of experience in the lighting field. Their mission is to help overseas customers deal with their Chinese factories and import qualified products in the field of lighting without self-travelling, saving them time, cost, and the risk of complaint. Litebay helps clients source lighting products and qualified factories, covering decorative lighting, architecture lighting, indoor lighting, outdoor lighting, general lighting, and professional lighting. They also offer a piece-by-piece inspection service suitable for high-quality or high-value lighting products.","['Shipping Arrangement Services', 'Project Management Services', 'Laboratory Services', 'Lighting Sourcing and Inspection Services', 'Production Follow-up Services', 'Container Loading Supervision']",Manufacturing,Lighting Stores,Residential Electric Lighting Fixture Manufacturing,Project Management Services; Laboratory Services,0.2650; 0.2371,confident,0.2650268251978923,0.0279485588096073,,
"Chongqing Renewable Resources Group Co., Ltd is a Chinese company that specializes in the recycling of scrap metal, electrical waste, paper waste, scrap vehicles, aluminum scrap, aluminum products processing, export of aluminum products, pawn, and real estate. The company has a sound recycling network covering all over Chongqing, including 2269 standard community recycle sites, 100 aluminum scrap recycle sites and 60 agriculture renewable resources recycle sites. They also have 60 districts sorting centers, 40 transfer stations, 40 scrap vehicle disposal sites, and 2 aluminum scrap utilization centers. The group's sale networks of aluminum and scrap products cover the whole country, and their products are exported to developed areas such as Europe and America.","['Scrap Car Recycling Services', 'Waste Paper Recycling Services', 'Transfer Station Services', 'Renewable Resources Recovery System Construction', 'Investing for Renewables', 'Aluminum Processing', 'Waste Electrical and Electronic Equipment Recycler', 'Reccling', 'Sorting Centers', 'Aluminum Utilization Areas', 'Pawn and Real Estate Services']",Wholesale,Renewable energy companies,Recyclable Material Merchant Wholesalers,Recycling Services,0.2629,confident,0.2629212953478815,0.0872497763348454,,
"Yunnan Century Mixed Concrete Cutting Engineering Co., Ltd. is a professional company based in Yunnan, China that specializes in steel reinforced concrete cutting, including supporting beam cutting, high-rise building cutting, and special drilling. The company has been in operation for over ten years and has gained a good reputation for its services, with a focus on concrete cutting. They have their own technical construction team and are committed to providing professional and high-quality services. The firm has worked on various projects, including the construction of a high-voltage power plant, a second-hand shipyard project, a high and low-voltaic power plant site, and the construction site for the Yunnan Mining Group's car garage.",[],Services,Concrete Work,Structural Steel and Precast Concrete Contractors,Precast Concrete Installation,0.2515,confident,0.2514516968735829,0.1065431713489862,,
"Urban Video, Inc. is a full-service legal videography firm based in Central Florida that has been providing litigation support and expertise for 20 years. They offer their services in Orange County, Osceola County, Seminole County, Brevard County, and Lake County, including Orlando, Kissimmee, Altamonte Springs, Melbourne, Cocoa Beach, Tavares, Eustis, and other locations. The company's staff includes professional legal video specialists who handle all litigation support needs. Urban Video publishes their rates on their website and provides case discounts for multiple-party cases.","['Legal Video Services', 'Deposition Services', 'Video Wills', 'Day-in-the-life Video Services', 'CME/IME Services', 'Trial Edit Service', 'Litigation Services', 'Central Florida Legal Services', 'Case Discounts for Multiple-party Cases']",Services,Stenographers & Transcription Services,Court Reporting and Stenotype Services,Legal Services,0.2462,confident,0.2462425529922096,0.2096144117329417,,
DONNA Design is a company that specializes in selling young used design furniture from well-known brands. They offer a variety of furniture pieces that can be viewed on their website or in their showroom after making a free in-person appointment. The company has attracted many visitors through their business-like advertising in the market. Customers can also sell their own furniture pieces under the attention of these visitors.,"['Furnishings from Renowned Brands', 'Corporate-style Online Advertisements', 'Used Furniture Sales', 'Showroom Visits', 'Furnishing Services', 'Furniture Delivery']",Wholesale,Furniture Stores,Furniture Merchant Wholesalers,Furniture Manufacturing,0.2448,confident,0.2447987012180652,0.1904583343813819,,
"Booth's Bobcat and Backhoe Hire is a company based in Toowoomba, Australia that specializes in residential and commercial earthmoving and excavation services. With over 20 years of experience in the Darling Downs and Toowooomba Region, they offer a range of services including trenching, slab preparation, post hole digging, landscaping, and grading. They also provide plant and equipment hire, wet hire, power and communications trenching services, and irrigation trenching. Their service area covers Toowooma, Gatton & the Lockyer Valley, Warwick, Highfields, Crows Nest, and the Western Corridor. The company prides itself on excellent service and high standards, ensuring a better, cleaner, and more efficient job for their clients.","['Bobcat and Backhoe Hire Equipment', 'Drainage Services', 'Power Line Trenching Services', 'Lot Clearing', 'Cut and Fill Services', '5-level Residential Lots', 'Site Cleaning Services', 'Grading Services', 'Turf Removal', 'Top Soil Spreading', 'Excavation and Earthmoving Services', 'Rubbish Removals', 'Bobcat Skid Steer', 'Landscaping and Excavation Services', 'Wet Hire', 'Plumbing Services', 'Slab Preparation Services', 'Plant And Equipment Hire', 'Gas Services']",Services,"Excavation, Bulldozing & Demolition",Site Preparation Contractors,Excavation Services,0.2431,confident,0.2431380858659338,0.0984069759790108,,
Ebula Holdings Tanzania is a company that specializes in providing industrial machinery and equipment to small and large industries in East Africa. They offer procurement services for machinery from China at affordable prices.,"['Industrial Equipment Supplier', 'Machinery Maintenance and Repair Services', 'Machineries for Various Industries']",Wholesale,Industrial Machinery & Supplies,Industrial Machinery and Equipment Merchant Wholesalers,Industrial Machinery Installation,0.2342,confident,0.2342397659006705,0.1425823776273734,,
"Detroit Dumpster Rental is a family-owned and operated dumpster rental company located in Detroit, Michigan. They offer a variety of dumpster sizes, including roll-off and rubber wheel dumpsters, for both residential and commercial use. Their goal is to provide low-cost dumpster services while prioritizing customer needs, which has led to them becoming one of the fastest-growing dumpster companies in the Detroit metro area. They pride themselves on their upfront and transparent pricing, with no hidden fees or extra charges. Detroit Dumpsters Rental also offers delivery and pickup services, ensuring that customers can keep their dumpsters clean and clutter-free.","['Dumping Permits', 'Rubber Tire Dumpsters', 'Landfill Services', 'Dumpster Delivery and Pickup Services', 'Waste Management Services', 'Dumpster Rental', 'Prohibited Items']",Services,Garbage Collection & Waste Disposal,Solid Waste Landfill,Waste Management Services,0.2328,confident,0.2327528908636029,0.15547704692403,,
"The Czech Republic is a country located in the central and eastern region of the Czech Republic. The government provides land surveying and cadastral services through various offices, including the Cadastral Office in Prague, the South Bohemian Region, and the South Moravian Region. The Cadastre Office offers land surveys and inspections, as well as online access to the real estate cadastre, which includes extracts from the property register and land registry maps. The website also provides information on the procedure for the sale of real estate, what to watch out for, and estimators of Czech property.","['Property Estimation Services', 'Agricultural Surveying Services', 'Sale of Real Estate Procedures', 'Cadastral Inspections']",Government,Courthouses,"Regulation, Licensing, and Inspection of Miscellaneous Commercial Sectors",Real Estate Services,0.2317,confident,0.2316805184771632,0.0980083730160994,,
"KoinControl is a fully EU-licensed and regulated crypto ecosystem that offers a range of financial products and services to make bitcoin investing accessible to everyone. They provide a user-friendly platform for trading digital assets on their exchange, earning passive earnings through their fully automated crypto arbitrage platform, and offer an interest-bearing wallet for generating income. KoinControl's patent-pending system is intended to assist investors in strengthening their crypto portfolio and cultivating consistent, long-term revenue development. They are devoted to constantly enhancing their products and developing unique value-added utilities for their native coin, KCIT. KooinControl aims to produce attractive returns with a proven track record of profitable investments utilizing in-house methodologies to make investing in financial markets accessible to all.","['Eu-regulated Arbitrage Trading System', 'Long-term Revenue Generation', 'Profit-generating Wallet', 'Crypto Portfolio Building', 'Patent-pending System', 'Financial Services for Cryptocurrency Trading', 'User-friendly Financial Services', 'Fully Automated Crypto Arbitrage Platform']",Services,Cryptocurrency,Commodity Contracts Intermediation,Financial Services,0.2253,confident,0.2252887465810748,0.1893354635331933,,
"CHMJ USA Oil & Gas, LLC is a company based in Decatur, Georgia, USA. They specialize in the production and distribution of natural gas.","['Gas Distribution Services', 'Licensed and Insured Company']",Manufacturing,Oil & Gas - Extraction & Distribution,Natural Gas Extraction,Gas Manufacturing Services,0.2213,confident,0.2212938952788194,0.0383628355592691,,
"PT INTERGEO MITIGASI PRIMA is a concrete contractor based in the Special Capital Region of Jakarta, Indonesia.","['Concrete Contractors', 'Construction Services']",Services,Concrete Work,All Other Specialty Trade Contractors,Tilt-Up Concrete Services,0.2165,confident,0.2164842965528394,0.0653913692723505,,
"Jiangsu Qirui Sports and Fitness Equipment Co., Ltd. is a Chinese company that specializes in the production and sales of sports equipment, fitness equipment, children's entertainment facilities, and sports fields. The company offers a range of products, including indoor and outdoor fitness equipment such as treadmills, exercise bikes, power machines, and push machines. They also provide sales and installation services for children's recreation facilities, sports field construction, and installation and maintenance services for sports equipment. Qir is a complete enterprise in the industry, offering products for home and commercial use, including home fitness equipment and commercial spaces.","['Sports Facility Design', 'Basketball Equipment', 'Indoor Fitness Equipments', 'Table Tennis Equipment', 'Strength Machines', 'Sports Shoes', 'Quality Testing Instruments', 'Multi-purpose Court', 'Space Fixtures', 'Running Machines', 'Sports Apparel', 'Repair Services Provider', 'Sports Equipment Installation Services']",Manufacturing,Fitness Equipment,Sporting and Athletic Goods Manufacturing,Sports Management Services,0.2147,confident,0.2147027146992727,0.0565861438732368,,
"Guangzhou Hongyuan Information Technology Co., Ltd. is a Chinese company that specializes in the production and processing of chemical materials. The company is located near the Shanghai-Shanghai border and is committed to providing high-quality products and services to a wide range of customers. They offer a variety of chemical products and equipment, including powder metallurgy, metallurgical processing equipment, metrology equipment, and metallurgic materials. Additionally, the company has been involved in various projects, such as the construction of a steel smelting plant and the development of a hydrogen economy.","['Hydraulics', 'Chemicals', 'Product Distribution', 'White Polymers Phosphate', 'Lifting Machines', 'Vehicle Fittings', 'Polyurethane Foam']",Manufacturing,Chemicals,Other Basic Inorganic Chemical Manufacturing,Chemical Manufacturing,0.2076,confident,0.2076222972859142,0.1644248691438697,,
"Adelaide Property Valuers Metro is a real estate appraisal company located in Adelaide, South Australia. They offer professional property valuation services for both commercial and residential properties. Their team of Certified Practising Valuers (CPVs) are qualified experts with extensive experience in analyzing properties of all kinds. They provide retrospective property valuations, which are backdated reports that determine the value of a property at any date in the past. Adelaide Property Valuer Metro also offers expert witness valuations for property settlements and disputes, plant and equipment valuations. They have over 20 years of experience in conducting rural valuations in South Australia and can provide comprehensive and accurate reports for small businesses, medium-sized companies, and large enterprises.","['Market Value Determination', 'Plant and Equipment Valuation Services', 'Rental Valuations for Commercial Spaces', 'Comprehensive Valuations', 'Property Valuations', 'Stamp Duty Valuations', 'Certified Practising Valuers', 'Real Estate Services', 'Independent Valuation Services', 'Valuation Services', 'Property Settlements and Disputes', 'Adelaide Property Valuation Services', 'Obligation Insurance']",Services,Real Estate Valuations & Home Inspection,Offices of Real Estate Appraisers,Real Estate Services; Property Management Services,0.2043; 0.1761,confident,0.2043340795244788,0.028283466602525,,
"Crewise is a mobile application designed for corporate flight attendants to enhance their services. It offers a global CFA community where users can discover reliable suppliers, get inspired, and navigate destinations with confidence. The app is free for crew and powered by a worldwide crew community. Users can read and write reviews with photos, which bring a unique crew perspective. Crewise also features destination guides with general information and advice, including local rules, regulations, and tips from fellow users. The company aims to provide an all-in-one solution for mastering every flight.","['Private Jet Catering Services', 'Crew Onboard Experiences', 'Verified Supplier Database', 'Catering Business Management', 'Community Advice and Guidance', 'CFA Community', 'Supplier Bookmarking and Referral', 'Crowdsourcing Alerts for Air Ports', 'Live Public Feeds for Crowdsourced Alerts', 'Aviation Services', 'New Supplier Discovery', 'Community Reviews Sharing']",Services,Airline Companies,Nonscheduled Chartered Passenger Air Transportation,Catering Services,0.2031,confident,0.2030609015483418,0.0907524138112727,,
"Kata Bunkai, also known as Kata bunkai Oyo, is a form of martial arts that focuses on learning concepts related to various movements in Kata and combining them into practical applications. The company offers two books, Kata Bunksai Basis and KataBunkai Gevorderd, which provide a three-step plan for self-discovery of concepts in KATA, how to apply them in practical ways, and how to optimize them. The books are suitable for anyone interested in learning about Kata, as well as for preparing for exams or competitions. They cover different levels of Bunka and provide tips on choosing the right Kata for each individual, aswell as the use of special applications such as clamps, hooks, and yokes. The book also includes examples from the 'Wado Karate Jutsu - Return to the Concepts of Kata' series.","['Book Publishing', 'Self-defense Training Services', 'Wado Shotokan Jutsu Books', 'Kata Bunkai Book Publishing']",Services,Martial Arts Gyms,Other Spectator Sports,Publishing Services,0.1866,confident,0.1865800952052742,0.1015355611904761,,
Cacau Show by Rô Vieira - Chocolate Artisan is a company that specializes in artisanal chocolate products. They offer a variety of chocolate items that can be ordered online for delivery.,['Artisanal Chocolate Production'],Manufacturing,Bakeries & Desserts,Confectionery Manufacturing from Purchased Chocolate,Confectionery Manufacturing,0.1835,confident,0.18351221380092,0.1614686526093588,,
"Finance Agents is a funding program that works with banks and business lenders to provide capital to clients seeking to finance their businesses. They offer a variety of programs with no upfront fees and 24-hour approvals, and can help clients get up to $5 million with cash in as few as 48 hours.","['Financial Services', 'Business Financing Solutions', 'Cash Flow Solutions']",Services,Loans & Financing,"International, Secondary Market, and All Other Nondepository Credit Intermediation",Financial Services,0.1774,confident,0.1774034602733273,0.1316595353795016,,
"The Premium Auto is a company that provides comprehensive coverage of the latest car models, industry trends, and technological advancements in the automotive industry. Their team of automotive experts offers honest and unbiased reviews to help customers make informed decisions about their next car. They also provide educational articles and guides covering a wide range of automotive topics, from maintenance tips to conceptual design trends. The company is passionate about cars and strives to provide accurate and timely updates on all things automotive. The Premium Auto aims to be a go-to destination for car enthusiasts, casual drivers, and those looking for the latest trends in the industry.","['Pickup Trucks', 'Green Car Enthusiasts', 'Community Engagements', 'Motorcycles', 'Automotive Community Engagement', 'Maintenance Tips', 'Sports Cars', 'Electric Cars', 'Road Warriors', 'Suvs', 'Family-friendly Vehicles', 'Automotive News', 'Vintage Cars', 'Affordable Cars', 'Fuel-efficient Hybrids', 'Hydrogen Vehicle', 'Luxury Car', 'Automotive Content Provider']",Services,"Alarms, Surveillance & Security Systems",Armored Car Services,Community Engagement Services,0.1769,confident,0.1769265541020196,0.1191579207889188,,
"Wolex Polytechnic is a polytechnique located in Iwara, Osun, Nigeria. It is affiliated with the Local Government of Iwaria.",[],Manufacturing,Plastics Products,Plastics Material and Resin Manufacturing,Plastic Manufacturing,0.1759,confident,0.1758509253350744,0.113610899242425,,
"MMK Medizintechnik GmbH is a distribution company that specializes in medical products, prevention, rehabilitation, and fitness. They offer a wide range of medical and fitness products, including therapeutic and surgical lasers from Eltech K-Laser. With years of experience in the field, they have the necessary knowledge and expertise to provide products that are highly effective in achieving the best results. They also offer Sintesi, a complete fitness studio that provides a technical solution for efficient whole-body training. Additionally, they offer ReflexLux, an interactive sensor light tool that combines various training programs for prevention, rehab, and performance enhancement in various sports. MMK Medificinteknik GbH is committed to providing high-quality products and services to their customers.","['Fitness Equipment Consultation', 'K Laser BLUE VET', 'K-laser Cube VET', 'Medical Equipment Distribution', 'Rehabilitation Equipment Distribution']",Manufacturing,Medical Supply Manufacturers,Electromedical and Electrotherapeutic Apparatus Manufacturing,Veterinary Health Centers,0.1639,confident,0.1639224427448006,0.0380925295123929,,
"La Agricultora is a company that offers a mobile application for customers to order fresh fruits, vegetables, and other locally produced products with a click of a button. The company aims to improve the agricultural and quality of life for local farmers by encouraging the diversification of crops, increasing local production, and promoting the implementation of good agricultural practices to ensure safe and chemical-free products. By purchasing from La Agricultor, customers contribute to the socio-economic and social development of local rural communities and the future food future of their families. The app allows customers to save time and receive their orders in under 40 minutes. The founder of La Agricortora has over 20 years of experience in farming and is dedicated to improving the quality of their family's food.","['Website Optimization', 'Website Traffic Analysis', 'Free Website Creation', 'Agricultural Products and Services', 'Soft Launch Events', 'Online Retail']",Manufacturing,Farms & Agriculture Production,Farm Labor Contractors and Crew Leaders,Website Development Services,0.1580,confident,0.1580052235164487,0.091194472193776,,
"Baron Furniture Refinishing is a company that specializes in furniture repair and refinishing services. They offer a range of services including furniture repair, re-upholstery, upholstery, leather re-stretching, and drapery services. The company prides itself on using high-quality materials and providing expert advice to ensure customer satisfaction. With over twenty years of experience, Baron Furniture Reupholstering is known for their attention to detail and commitment to delivering top-notch services.","['Ventilation Systems', 'Ductwork Repair Services', 'Repair Conditioning Units', 'Heating, Ventilation, and Air Conditioning Services', 'Air Conditioning Installation and Repair Services', 'Maintenance Services']",Services,Waterproofing Services,Other Building Finishing Contractors,Boiler Repair Services; Waterproofing Services,0.1546; 0.1356,confident,0.1545582769335717,0.0189112365214752,,
"The company is an industrial towel washing service based in Barcelona, Spain. They offer a complete cleaning service for businesses, including pick-up, washing, sanitizing, drying, folding, and delivery of clean towels. They also provide rental and leasing options for their services. The company uses high-end washing machines with soap and softeners to ensure that the towels are well-soiled and disinfected. They prioritize hygiene and environmental conservation by using dosifiers in their washing machines to minimize the amount of soap used. The service is available for businesses in various industries, including hair salons, beauty centers, massage centers, gyms, physiotherapy, and fitness centers.","['Soap and Softener', 'High-quality Washers', 'Towels for Rent', 'Laundry and Dry Cleaning Services', 'Wash & Fold Service']",Services,Dry Cleaners,Linen Supply,Soap Production Services,0.1506,confident,0.1506239569807203,0.0400517024177403,,
"ISO Exim is an Indian company that specializes in exporting high-quality spices, fish, agro products, plastic and rubber products, and Indian supplies overseas.","['Agro Products Exporter', 'Rubber Products Exporting', 'Indian Products Exporter', 'Spice and Fish Exporter', 'High-quality Spices']",Manufacturing,Plastics Products,All Other Rubber Product Manufacturing,Rubber Manufacturing,0.1460,confident,0.1460461645015774,0.0939926044568446,,
"The company is a manufacturer of premium quality wood pellets, specifically ENplusA1 wood pellets located in Kazahstan, Kazakhstan. They offer a variety of wood pellets in different sizes, including 30kg and 15kg bags of fuel pine wood pellets with a diameter of 6 mm. The pellets are shipped to the European Union and have an ash content of no more than 0.3% on a working basis. The company provides packaging and transport services for their products.","['Pelleting Calculation', 'Wood Fuel Pellets', 'Wood Pellets with Different Diameters', 'Sawdust Pellets']",Manufacturing,Wood Building Material Stores,Sawmills,Wood Product Manufacturing,0.1436,confident,0.1436265053234582,0.1079303826976887,,
"Model Workation is a company that offers a Model Workation in Greece for aspiring models who want to take their careers to the next level. The company provides five high-quality beauty and fashion photoshoots in a luxurious villa located in Thessaloniki, Greece. The photoshoot takes place in a modern and stylish setting with an infinity pool and direct access to a private beach. The event includes five professional photoshops, daily recap videos, and an aftermovie. The location is also equipped with an on-site fashion stylist, two makeup artists, a model community, and networks, as well as a push for social media. The model workation aims to provide the best possible experience and support models in achieving a successful career in the fashion industry.","['Fashion and Beauty Photography Services', 'Goodies and Extras', 'All-inclusive Packages', 'Luxury Modeling Experiences', 'Group Drinks at The Night', 'On-site Fashion Stylist', 'Modeling Services', 'Onset Chef', 'Event Planning Services', 'Community Networks Models', 'Flights & Travel', 'Model Workation Experiences in Greece', 'Daily Recap Videos', 'Social Media Push', 'On-site Makeup Artist', 'Photoshoots']",Services,Modeling Agency,"Agents and Managers for Artists, Athletes, Entertainers, and Other Public Figures",Event Planning Services; Social Media Services,0.1419; 0.1272,confident,0.1419498304027976,0.0147940882608104,,
"Centro Tetti - Costruzioni in Legno is an Italian company that specializes in the construction of wooden structures for various needs. They offer a range of services including the construction and installation of wooden roofs, which are composed of a primary order of softwood and solid wood, as well as secondary orders that include various levels of perineum/femmina, drywall, and multistory panels. The company uses laminated wood, which is a type of wood that is shavaged by removing the fiber layer and sanding it to achieve the desired thickness and aesthetic appearance without the need for special joints. They also offer woodworking services, including the production of various types of wood, such as larch, beech, and beechwood, which can be used for construction purposes.","['Woodenclosure Construction', 'Construction Materials Supplier', 'Construction Services for Wooden Houses', 'Ventilation Installation', 'Construction Project Completion', 'Wooden Roofs Installation']",Manufacturing,Building Material Manufacturers,Engineered Wood Member Manufacturing,Fencing Construction Services; Commercial Construction Services; Pipeline Construction Services,0.1404; 0.1379; 0.1243,confident,0.140355689714553,0.0024126395070882,,
"Ilicon Enterprises is a company that specializes in providing health and household products. Their products are designed to help individuals monitor their weight, BMI, body fat, and other body compositions for fitness and wellness. They offer Smart Scales, which are bathroom scales that can be controlled through a smartphone, as well as free Mobile Apps that allow users to track their weight and body fat effortlessly. The company's app provides users with an analysis of their body compositions, current and history, to help them achieve their fitness goals.","['Project Bank', 'Retail', 'Bathroom Scales Manufacturer', 'Health and Wellness Products', 'Smart Scales', 'Weight Tracking App Development', 'Body Fat Tracking']",Manufacturing,Scale Solutions,Totalizing Fluid Meter and Counting Device Manufacturing,Oil and Fat Manufacturing,0.1356,confident,0.1355637729274563,0.0791772050244727,,
"Lorasco is an oilfield services company that has partnered with Baker Hughes to provide a range of world-leading oil services exclusively for Libya. The company's fleet consists of onshore drilling rigs, Baker Hughes Pressure Pumping, and Baker Hughes Wireline Units that have a successful track record of working for national and international oil companies across Libya. Lorasco's partnership with Baker H Hughes allows them to deploy advanced technologies to serve energy companies seeking more efficient, reliable, and cleaner solutions for extraction in Libya. Their services include drilling rigs such as Type 15, Type 25, and Type 45, as well as wireline services, reservoir and production services, formation evaluation services, nuclear logging, acoustic logging, and production logging services. Loranco's production logging service provides real-time, depth-correlated production data, including flow rates, pressures, and gas/oil/water ratios, for pressure transient and nodal well test analysis and reservoir simulation.","['Drilling and Production Operations Evaluation', 'Pipe Recovery', 'Real-time, Depth-correlated Production Data Analysis', 'Caliper Calibation Services', 'Technology Deployment', 'Oil Field Services', 'Industry', 'Nuclear Logging Services', 'Cased Hole Formation Evaluation', 'Well Geometry Instrument Service', 'High-definition Induction Log', 'Gamma-ray Log', 'Segmented Bond Tools', 'Formation Evaluation Services', 'Well Integrity: Cement Evaluation', 'Compressed Neutron Log', 'Machinery Manufacturing', 'Crossflow of Thief Zones Diagnosis', 'Resistivity Logging Solutions', 'Special Pipe Cutter', 'Logging Tools', 'Reservations Performance Monitor', 'Acoustic Production-logging Instruments', 'Drilling Services', 'Reservoir and Production Services', 'Water Breakthrough Diagnosis', 'Deployment of Advanced Energy Systems']",Manufacturing,Oil & Gas - Extraction & Distribution,Support Activities for Oil and Gas Operations,Well Drilling Services,0.1313,confident,0.1312862227739561,0.0289079016034566,,
Renta de Oxigeno Medicinal en Puebla is a company that specializes in the sale and rental of medical oxygen equipment. They offer maintenance and repair services for oxygen tank containers.,"['Maintenance & Repair Services for Oximeters', 'Maintenance Services for Oxygen Tanks', 'Medical Equipment Rental', 'Medical Equipment Sales']",,,Home Health Equipment Rental,Road Maintenance Services; Well Maintenance Services,0.1308; 0.1145,confident,0.1307911522934033,0.01625715599685,,
"Salt Spring Men's Shed is a men's community workshop located on Salt Spring Island, BC. It is one of 40 Men's Shheds in British Columbia and 2,800 worldwide, which are described as workshop-type spaces where men can socialize and improve their well-being by providing tools and materials for men to make or fix things, work on crafts, or just to tinker away. Men's sheds are particularly designed to reach at-risk men who may not easily make connections in their community otherwise. The organization is currently seeking a female organizer who is passionate about starting a Women's Shed at a different location and is ready to offer support and resources, including help with organization, administration, network building, funding, promotional activities, and more. The Salt Spring Men' Shed is inclusive of all population groups among men and is recognized for its positive and therapeutic aspects.","['Social Well-being Improvement', 'Support Services', 'Community Resources', 'Non-profit Organization', 'Mens Workshop', 'Workshop Spaces', 'Tinkering in Various Crafts', 'Socializing Opportunities', 'Illness Information', 'Health Screening']",Non Profit,Social Services & NGOs,Civic and Social Organizations,Non-Profit Management,0.1305,confident,0.1304668750776419,0.0501046088632504,,
"Electrica is an electric vehicle charging company that provides fast and reliable charging solutions for electric vehicles. They offer a mobile app that allows users to charge their electric cars at home, making it easy to manage and charge multiple vehicles on the go. Electrica's chargers are fast, reliable, and easy-to-use, with features such as USB charging, fast charging connectors, high-power charging stations, charge controllers, USB charger cables, power management, remote monitoring, Bluetooth wireless chargement, solar-powered chargener controllers with solar charge points, built-in solar modules, LED lighting, backup power, battery storage, automatic transfer switches, auto power-up stations with remote controls, emergency power points with LED lights, inverters, batteries, chargER cables and connectors. The company's mission is to make electric transportation accessible to everyone by providing affordable and convenient charging options.",['Renewable Energy Services'],Services,Financial Services,"Trust, Fiduciary, and Custody Activities",Financial Services,0.1265,confident,0.1265191823448634,0.081350847848775,,
"Kulturaggregat e.V. is a non-profit sociocultural association founded in 2014 by a collective of around 20 artists, cultural workers, and individuals interested in culture. Their goal is to bring more art, subculture, and social discourse into public space. They aim to create a free space for culture and connect people who want to develop their creativity. Their current project, hilda5, is a platform, art room, and laboratory all-in-one, located in the old Art Nouveau house at Hildastraße 5 in Freiburg. It offers about 500 square meters of free spaces for exhibitions, concerts, readings, workshops, and performances by international and local artists, as well as street art projects. In addition to a spacious gallery, hild5 features an elegant stage and the kulturagregat-kinoklub, which is probably the smallest cinema in town.","['Performing Arts Promotion', 'Cultural Events Organization', 'The Art Room', 'Artistic Laboratory', 'Street Art', 'Artistic Performances', 'Vinyl Records', 'Sports Event Management Services', 'Cultural Films', 'Art Exhibitions', 'Film Screenings', 'Cultural Organization', 'Cultural Center', 'Electronic Music Genres', 'Sports Event Organization', 'Art Workshops', 'Art Gallery', 'Used Records', 'Non-profit Socio-cultural Organization', 'Event Hosting Services']",Services,Event Planner Services,"Promoters of Performing Arts, Sports, and Similar Events with Facilities",Arts Services; Event Planning Services; Sports Management Services,0.1224; 0.1139; 0.1058,confident,0.1223934220191995,0.008494439504427,,
"Qingdao Jinsheng Textile Machinery Co., Ltd. is a Chinese company that specializes in the production of sewing machines, including precision sewing machines such as the Qls-29A, QLS-, Qls-'23A, and Qls'-23C sewing machines. They also manufacture sewing machines for textile products, including the QC-6A and Qc-'6B upright sewing machines and the QJ-9A precision sewing machine. The company has a complete management system and quality control system, and their design and construction technology have developed to ensure reliable quality. They have participated in the ""Smart Manufacturing"" initiative in the textile industry.","['British Manufacturing', 'Precision Milling Services', 'QC-6A Straightening Mill', 'QLS-G Cylindrical Saw', 'Manufacturing of Milling Machines']",Manufacturing,Fabric-Based Home Goods,All Other Miscellaneous Textile Product Mills,Textile Manufacturing Services,0.1213,confident,0.1213200862399127,0.0918818581288772,,
"The Child Abuse Prevention Center of Utah (Capc) is a non-profit organization that aims to prevent child abuse and domestic violence. They organize the annual Mountain-West Conference on Child Abuse and Domestic Violence, which brings together over 643 parents and professionals from various states to share valuable information on child welfare and provide suggestions for the future. The conference features speakers who discuss sensitive issues such as statutory rape and the need for increased awareness and enforcement of laws to intervene on behalf of young victims. The organization also offers a Christmas for Kids Program in need of donations.","['Child Welfare Services', 'Childrens Christmas Program', 'Internet Usage Prevention', 'Statutory Rape Awareness', 'Non-profit Organization', 'Prevention Services for Street Children', 'Shaken Baby Syndrome', 'Preserving Childrens Innocence', 'Child Abuse Prevention', 'Family Dynamics Change Prevention', 'Youth Violence Prevention']",Non Profit,Social Services & NGOs,Emergency and Other Relief Services,Non-Profit Management,0.1181,confident,0.1181244568848197,0.0601032091343749,,
Alberto Bevacqua is a photography company that specializes in portfolio and photography services. The company's main focus is on steel photography.,"['Photo Work', 'Steel Work', 'Artistic Creations', 'Studio Events']",Manufacturing,Fences & Ornamental Metal Work,Ornamental and Architectural Metal Work Manufacturing,Ornamental Plant Nurseries,0.1136,confident,0.1135842709683019,0.0532218406990752,,
"Machineotech Electrical Services is a company that specializes in repairing LED lamps and related components. They offer repair services for various types of lamps, including battery, copper, sCM dC, sBacklight, optical and matrix diodes, and LED tubes. They also provide repair services specifically for halogen lamps, halogen safety lamps, and flat ribbon lamps. In addition, Machineotech Electrical Service offers SMD and COB soldering services.","['LED Lamp Repair Services', 'Copper Lamp Repair', 'SMD to Copper Conversion Services', 'Copper Conversion']",Manufacturing,Lighting Stores,Electric Lamp Bulb and Other Lighting Equipment Manufacturing,Boiler Repair Services,0.1134,confident,0.113397955605965,0.056516139261242,,
"Daum Garden and Pond Construction is a company based in Hannover, Germany that specializes in garden and pond construction using zeolite filters for organic ponds. They offer services such as pond construction, garden ponds, and ornamental fish ponds. The company installs zeolites in their ponds, which are known for their large surface area, similar to activated carbon, making them ideal for biological microorganisms to thrive in. Daum Garden and Pump Construction provides comprehensive instructions for constructing a garden pond and offers a blog for pond and gardening enthusiasts.","['Installation Services', 'Installation of Filtering Materials', 'Pond Construction Services', 'Large Surface Area Filter', 'Pond Filters with Zeolite']",Manufacturing,"Minerals, Earths & Ores",Ground or Treated Mineral and Earth Manufacturing,Tank Installation Services; Tile Installation Services,0.1133; 0.1121,confident,0.1133434828092074,0.0012020226233035,,
"The company specializes in providing reliable products and solutions for various industries. Their products include the Trek152-1 handheld surface electrophoresis test instrument, which uses a measurement technology that meets Ansi/Eds standards for measuring surface electropolishness, electrophoretic rate, and electrical conductivity. They also offer the Phsj-5T laboratory pH meter, which is widely used in laboratories, clinics, universities, pharmaceutical, cosmetic, food and beverage, and oil and gas testing. Additionally, they provide the Treke520 and Trek156 electric analyzers, which are handheld static static electrophoresonance test instruments, and the Me268A electric analyzer, which operates on open-source software and is designed for remote operation on workstations. The TREK 156A electric analysis analyzer has two inspection models that can be used in various industries, including medical, pharmaceuticals, cosmetics, food, and petroleum.","['Chemical Testing Services', 'INDUSTRIAL NEW ENERGY STANDARD', 'Market Insights', 'TREK152-1 Handheld Surface Electrochemical Test', 'Marketability']",Manufacturing,Laboratory Equipment & Supplies,Instrument Manufacturing for Measuring and Testing Electricity and Electrical Signals,Testing and Inspection Services,0.1098,confident,0.1098225398485479,0.0247777919749843,,
"Wuhan Xincheng Technology Co., Ltd is a company specializing in heat-processing equipment design, production, and post-sales services. Founded in 2016, the company has a team of nearly twenty employees with professional service engineers distributed throughout China. They have expertise in various industries such as automotive paint, pharmaceutical chemical, solid waste processing, papermaking, printing, metallurgy, food products, ceramics, and aluminum smelting kilns. The company has completed numerous coal conversion, gas conversion, and electricity transformation projects in China, with a focus on environmentally friendly practices. They also offer services in boiler NOx reduction, coal conversion in the textile industry, coating line testing, flame treatment, air conditioning installation, and ecological inspection.","['Coating Line Testing Services', 'Food and Equipment', 'Environmental Protection Solutions', 'Tailgate Video Production Services', 'Solid Waster Processing Machinery', 'Metallurgy Machinery', 'Heating Device Safety Measures', 'Pharmaceutical Chemical Engineering Equipment', 'Ceramic Equipment', 'Boilers and Glass Furnaces Equipment', 'Boiler Nox Reduction Projects', 'Air Conditioning Installations', 'Integrated Drone Application Solution Provider', 'Kilns and Smelting Equipment', 'After-sales Service', 'Energy Efficiency Programs', 'Shared Data Unmanned Solutions', 'Production', 'Coal Conversion Gas and Electricity Transformation', 'Environmental Inspection Services']",Manufacturing,"Metal Plating, Polishing & Coloring",Metal Heat Treating,Testing and Inspection Services; Boiler Installation Services,0.1063; 0.1005,confident,0.106314773590908,0.0058079393790606,,
"Quiropráctico Santo Tómas is a chiropractic clinic located in Santo Tomas, Mexico. They specialize in treating problems related to neck pain, headaches, arms, shoulders, legs, and back pain, as well as musculoskeletal, esophageal, and sciatica conditions. The clinic offers chiropractics services to locate, analyze, and correct spinal subluxation. They conduct physical, orthopedic, and neurological exams to diagnose and treat spinal sublinguitis. Quiroprabáctica Santo Tomás is currently offering a 40% discount on spinal adjustments for the month of December.","['Pain Management Services', 'Sports Massage Services', 'Vertebral Subluxation Correction', 'Medical Facility', 'Healthcare Services', 'Chiropractic Care for Musculoskeletal Disorders', 'Chiropractic Care Services']",Services,Chiropractors,Offices of Chiropractors,Sports Management Services,0.1044,confident,0.104365749870505,0.0364022499504322,,
"Ja Cię Kręcę Sp. z o.o is a company that specializes in film rental equipment, including cameras and lighting equipment. They offer a 24-hour rental service for their rental products.","['Photography Equipment Routine Maintenance', 'Film Equipment Rental', 'Lighting Equipment Rotation Services']",Services,Computer Repair & Service,Other Commercial and Industrial Machinery and Equipment Rental and Leasing,Agricultural Equipment Services; Fire Safety Equipment Services; Commercial Communication Equipment Installation,0.1004; 0.0883; 0.0862,confident,0.1004109008574969,0.0120848371928305,,
"The Balcombe Estate is a 3,500-acre traditional family-run agricultural estate located in the village of Balcombe in West Sussex, in the High Weald AONB. The estate consists of a mix of farmland, forest, and woodland, which are used to produce a modern, sustainable sawmill. The company offers residential and commercial properties for rent, ranging from one-bedroom flats to six-bedroom farmhouses. Additionally, they have a self-catering holiday cottage in Balcombe village that is open all year round for a minimum of two nights. The Balcombe Sawmill & Forestry is a sustainable forestry activity that focuses on conserving the unique landscape and managing it for future generations.","['Special Occasion Services', 'Game Store', 'Wedding Services', 'Residential Properties for Sale/rent', 'Sustainable Sawmill', 'Agricultural Estate Management', 'Victorian House Rental', 'Self-catering Holiday Cottage Rental']",Manufacturing,Timber & Wood Products,Apple Orchards,Catering Services; Real Estate Services,0.1003; 0.0886,confident,0.1002500312713831,0.0116576297747073,,
"Sophy Mobile is a company that simplifies processes and communication across companies in the truck transport industry. They offer an intuitive and user-friendly mobile app that allows truck drivers to become virtual passengers by receiving all relevant information directly into their cabin. Sophy Mobile aims to simplify communication between all stakeholders in the transport process, including sub-freighters, customers, and warehouses, without the need for registration. Their vision is to simplify the life of everyone involved in truck transport, from drivers to forwarders and carriers to warehouses and customers. The company was founded by individuals who had to arrange and organize truck transports on a daily basis and is dedicated to simplifying transport communication.","['Automation of Tasks', 'Communication Facilitation', 'Smart Decision-making Technology', 'Logistics Technology', 'Mobile Application Development', 'Communication Technology', 'Data Exchange', 'Communication with Stakeholders', 'Mobile App for Truck Drivers', 'Mobile App Development for Transports']",Services,Trucking and Logistics,"General Freight Trucking, Long-Distance, Truckload",Residential Communication Equipment Installation; Commercial Communication Equipment Installation; Mobile Home Construction Services,0.0986; 0.0921; 0.0878,uncertain,0.0985860444530629,0.0064383600259784,,
"Ålesund Prison is a high-security prison located in the municipality of Ålesul, Norway. The building was built by Norwegian engineers and has an ordinary capacity for 27 people. The prison offers a variety of jobs, including carpentry and mechanical workshops, and several inmates are employed with cleaning services, laundry service, and food distribution. Additionally, the prison has its own gym with various exercise equipment and Borgund High School has its department in Ålsund Prison.","['Leisure Activities', 'High-security Prison', 'Teaching Services', 'Educational Institution', 'Teaching English, Norwegian, and History', 'Cleaning Service', 'Mechanical Shop', 'Carpentry Workshop', 'Restaurant Preparation and Management Services', 'Food Distribution', 'Music and Gangster Yoga', 'Physical Exercise', 'Laundry Service', 'TIP Service/transport and Tourism Activities']",Government,Police & Sheriffs,Police Protection,Carpentry Services,0.0975,uncertain,0.0975441395852848,0.039521204319948,,
"The Shanghai Municipal People's Detective Agency is a law enforcement agency located in the city of Shanghai, China. It is one of the highest civilian police agencies in the country and is responsible for protecting the public from criminal activity. The agency has been involved in various investigations, including those related to the Covid-19 pandemic, and has collaborated with other law enforcement agencies such as the Shanghai Municipal Public Security Bureau and the National People's Police Bureau. It has also been involved with the development of new laws and regulations related to criminal investigation and investigation.","['Crime Prevention Services', 'Law Enforcement', 'Public Administration', 'Public Services', 'Governmental Organization', 'Criminal Investigation Services']",Government,Courthouses,Courts,Public Relations Services,0.0969,uncertain,0.0969231115641195,0.0830622348492422,,
"Tactical Solutions (Northern) Ltd is a product-based organization with over 25 years of experience in product design, quality assurance standards, and system development. Originally a research and development company, Tactical Solutions has expanded to offer design and product solutions across a wide range of disciplines, with a focus on the security and law enforcement industries. Their diverse manufacturing and engineering skill base allows them to facilitate new and innovative solutions into the 21st century. The company's portfolio includes products in the security, law, and military sectors, as well as the construction industry and motor sport. Tactical Solutions is dedicated to the development of new and new products and services, with in-house engineering and design professionals and partners who have their own specific areas of expertise.","['Law Enforcement Products', 'ISO 9001 Certification', 'Anchor Points', 'Construction Products', 'Product-based Organization', 'Low-cost Cars', 'Research and Development', 'Product Development Services', 'Phone Boxes', 'Motor Sport Products', 'Quality Management System']",Manufacturing,Building Material Manufacturers,Prefabricated Metal Building and Component Manufacturing,Software Development Services; Business Development Services; Website Development Services,0.0888; 0.0884; 0.0878,uncertain,0.0887672804125642,0.0003986693753426,,
"Taizhou Huaro Imp. & Exp. Co., Ltd. is an exporting company that manages the export business for Zhejiang Yosun Plastic Technology Co.,Ltd., a professional manufacturer of layflat hose, PE hose, fire hose, and related accessories. The company has been in operation for over 25 years and is well-known for its brand ""Rain Hose"" in China and around the world. They offer a range of products including layflat pants, fire hoses, PE hoses and hose clamps, and more. Their hoses are known for their UV protection, good flexibility, and compliance with ROHS requirements.","['Plastic Products Manufacturing', 'Export Business', 'Fire Hoses Manufacturer', 'Rain Hoses', 'PE Hoses', 'Export Business Management', 'Layflat Hoses Manufacturer', 'Hose Clamps Manufacturer']",Manufacturing,Hose & Belts,Rubber and Plastics Hoses and Belting Manufacturing,Plastic Manufacturing,0.0880,uncertain,0.0880400002095977,0.0334835377215596,,
"Forest River, Inc. is a company that specializes in the manufacturing of recreational vehicles, specifically pop-up tent campers, travel trailers, fifth wheels, and park models. Founded in 1996 by Peter Liegl, the company is dedicated to helping people experience the joy of the outdoors by building better recreational vehicles. They prioritize customer satisfaction and strive to bring quality products within reach for recreation, transportation, and cargo hauling needs. The Wildwood X-Lite travel trailer, one of their products, offers a comfortable and convenient camping experience with features such as an electric refrigerator, a radio with a CD player, an attractive kitchen, and mini blinds for added privacy. The trailer is equipped with a one-piece, full walk-on seamless roof, pass-through storage for camping gear, a vinyl patio awning, and two exterior speakers. It also includes an optional camp kitchen and a 12' awned for shade and gathering space.","['Two Exterior Speakers', 'Pass-through Storage for Camping Gear', 'Mini Blinds', 'Extra-large Kitchen Cabinets', 'Custom Pop-up Tents Manufacturer', 'Radio/cd Player', 'Electric Refrigerator', 'Recreational Vehicles Manufacturer', 'Gorgeous Kitchen Backsplash', 'Park Models Manufacturer', 'Travel Trailers Sales Services', 'One-piece, Full Walk-on Seamless Roof', 'Fifth Wheels Manufacturer', 'Optional Camp Kitchen']",Manufacturing,"Motor Homes, Trailers & RVs - Dealers & Rentals",Travel Trailer and Camper Manufacturing,Travel Services,0.0875,uncertain,0.0874561241560816,0.0357275222957424,,
"2 de Octubre, Comunidad de Jubilados is a retirement community located in Buenos Aires, Argentina.","['Wheelchair Accessible Entrance', 'Elderly Care Services', 'Retirement Community', 'Disabilities Services']",Services,Senior Care and Assisted Living Facilities,Services for the Elderly and Persons with Disabilities,Animal Day Care Services,0.0865,uncertain,0.0864822782752049,0.0107329670981605,,
"南宫28 is a Chinese company that specializes in the production and sale of diesel generator sets, including the Manl16/24, Pc2-5/6, Manl32/40, and DK-20 series. They also offer emergency diesel generator units such as the LOT75 emergency diesel engine group. The company is known for its stable operation and high-quality products.","['Online Gaming Platform', 'Star Products', 'Online Application Development', 'PC2-5/6 Series Diesel Engines', 'DK-20 Series', 'Online Entertainment', 'Strategic Spare Parts', 'Line Maintenance Services']",Manufacturing,Engines,Turbine and Turbine Generator Set Units Manufacturing,Online Marketing Services,0.0836,uncertain,0.0836185932596643,0.0159404410120266,,
"Son of Pepe is a cryptocurrency that was launched without presale, LP locking, or contract, and is known as the offspring of the most popular memecoin ever. It was covertly launched and is a coin that belongs to the people forever, powered only by memetic force. The company's main function is to provide a platform for memecins to thrive.","['NFT Sneak Peek', 'Auditing Phase', 'Crypto Market Cap', 'Staking Pool', 'Cryptography Services', 'Community Building', 'Utilities Release Phase']",Services,Cryptocurrency,Securities and Commodity Exchanges,Community Engagement Services,0.0818,uncertain,0.0817905100075391,0.0141320128945851,,
"On the Fringe Leather LLC is a leather repair service located in Ormond Beach, Florida. They specialize in custom embroidery, patches, and sewing patches, as well as repairs and custom leather work. Their services include custom made patches, repairs to all leathers, sewing patches for chaps, vests, and accessories, and vest braiding. They offer a nice selection of hats and leather wear and are known for their top-notch, friendly service. Customers have praised their ability to complete patches perfectly while customers wait.","['Mens Chaps', 'Sewing Patches', 'Riding Accessories', 'Custom Chaps', 'Vest Accessories', 'Womens Halter Tops', 'Embroidery Services', 'Repair Services', 'Custom Patches Services', 'Braided Vests', 'Leather Jackets', 'Custom Leather Work Services']",Services,Shoe Shining & Repair,Footwear and Leather Goods Repair,Boiler Repair Services,0.0816,uncertain,0.0816357118994124,0.0551689226113609,,
"Shanxi Ribeck Medical Equipment Co., Ltd is a rehabilitation medical equipment enterprise that specializes in research and development, production, sales, and training. The company combines traditional rehabilitative medicine with modern technology to provide users with a first-hand experience of health and happiness through Rübeck products. They offer a range of rehabilitation products, including resistance rehabilitation series, air resistance recovery system, hydraulic rehabilitation series weight blocks, vibration suspension equipment, spinal reconstruction equipment, and more. The products are used by hospitals, institutions, disability associations, and communities in the rehabilitation field.","['Vacuum Cleaners Manufacturer', 'Pet Coolers Manufacturer', 'Manufacturing', 'Landscape Curtains Manufacturer', 'Smart Fridge Manufacturer']",Manufacturing,Medical Supply Manufacturers,Surgical Appliance and Supplies Manufacturing,Pet Food Manufacturing,0.0799,uncertain,0.0799320552380527,0.0244286664001144,,
"Dean for Congress is a political campaign for Dean Hrabcek, a conservative leader who is running for the U.S. House of Representatives in the Colorado Springs area. He is a proponent of limited government, limited government reform, and conservative fiscal policy. Hrabccek is running on a platform that prioritizes small business, small government, and small business. He believes that government should be accountable to the people and not big business. Hrbcek has been involved in various positions on Capitol Hill, including serving on the House Appropriations Committee and as a member of the House Natural Resources Committee.",[],Government,Courthouses,Legal Counsel and Prosecution,Legal Services,0.0795,uncertain,0.0795072494022793,0.0444125447001778,,
"TBS Office Solutions is a company based in Gardena, California, United States, specializing in copier repair services.","['Office & Supplies', 'Copier and Scanner Rental', 'Muratec Office Products', 'Fax Machines', 'Parts and Supplies Included', 'Inks And Toners', 'Konica Minolta Copiers', 'Digital Presses', 'Bubble Jet Facsimiles Rental Services', 'On-site Installation and Maintenance', 'Work Group Digital Copiers Rental', 'Kyocera Copiers']",Wholesale,Office Supplies,Office Equipment Merchant Wholesalers,Digital Marketing Services,0.0737,uncertain,0.0736676785016646,0.0194616226177456,,
"Cross Technology Inc. is a leading manufacturer of high-quality, low-cost, and flexible production molding solutions for the automotive industry. They offer a range of services including design, engineering, precision machining, custom machine assembly, wire harnessing assembly, product assembly, injection molding, and Nu-Tech heat shrink products. The company specializes in precision equipment and offers a complete, flexible, and intuitive solution for designing products from scratch through their Solidworks product development process. Cross Technology Inc.'s electronic harness layout boards test each conductor run as it is assembled, ensuring quality is their top priority.","['Injection Molding Services', 'Custom Assembly Services', 'Nu-tech Heat Shrink Products', 'Precision Machining', 'Wire Harness Assembly Services Provider', 'Printed Circuit Boards', 'Design and Engineering Services', 'Manufacturing', 'Engineering Services', 'Mold Making', 'Machine Shop Services', 'Electromechanical Specialties', 'Built-in Control Box', 'Assembly Work Services Supplier', 'Design Services', 'Assembly Services for Automotive Components']",Manufacturing,Machinery parts manufacturer,Precision Turned Product Manufacturing,Interior Design Services,0.0730,uncertain,0.0729823064155457,0.0014430139422518,,
"Yulong Ruijing Forestry Technology Group Co., Ltd is a private enterprise that specializes in forest resources cultivation, forest production operations, forest scientific research, under-wood economic development, forest ecotourism, forest carbon sink operation, and the development of forest industry. The company's subsidiary holding companies are Lijiang Jiaosheng Composite Material Co.,Ltd. and the five enterprises of Ri Jiang Le Ren Agricultural Forestry Products Company, Lij Xiang Xingshui Resources Renewal Technology Corporation, Yulong Recon Chinese Herbal Medicine Technological Co., LTD, and Jurong Selected Preferred Soil Specialty Product Co., Inc. The group's core concept is to adhere to green development ideas, develop the forest-green industry, guide the market for green consumption, cultivate corporate green culture, and promote harmonious business sustained healthy growth.","['Woodland Tourism', 'Scientific Research', 'Forest Cultivation', 'Forestry', 'Safety Production Work Deployment', 'Economic Development', 'Forest Carbon Sinks', 'Forest Fire Prevention', 'Diversified Enterprise']",Manufacturing,Timber & Wood Products,Timber Tract Operations,Timber Harvesting Operations,0.0707,uncertain,0.0707248343517458,0.0155604346135464,,
The NYSE-listed gold company is focused on unlocking shareholder value through steady flow of news updates. The CEO promises to deliver all relevant information to shareholders in their inbox.,"['Gold Mining Company', 'Gold Production', 'Shareholder Value Creation']",Manufacturing,"Minerals, Earths & Ores",Gold Ore and Silver Ore Mining,Content Creation Services,0.0699,uncertain,0.069853621197142,0.0054857661353695,,
"Sieve Shakers by Testing Systems Inc. is a company that produces sieve shakers with a unique oscillating and tapping action. Their products, including the Oscillatap Sieve Shaker and the 4330 Large Economy Sieve Saker, meet ASTM C136 specifications and can be used with various types of sieves, such as 8"", 10"", and 12"" sieves. The large economy sieve saker can handle up to eleven 8"" sievers, seven 10"" sighters, seven 12"" full-height sieves and nineteen half-height 8"" or 12"" half-length sieves with a 1/3 hp motor and a 30-minute timer.",['Distribution'],Manufacturing,Laboratory Equipment & Supplies,Other Measuring and Controlling Device Manufacturing,Laboratory Services,0.0685,uncertain,0.0685235487346336,0.0452347182514933,,
"The Gen-Next Automotive Promotion Center is a Japanese company that aims to promote the development and implementation of environmentally and energy-efficient vehicles. They offer support for the introduction of CEVs, external power supplies, charging equipment for EVs and PHVs, and hydrogen stations. The company provides grant information, charging infrastructure repair services, and assistance with the installation of hydrogen stations in cities. They also offer information on the basic knowledge of Gen-next automobiles and promote the introduction and expansion of EV and PHV charging facilities. The Gen-New Automotive Promotional Center is committed to promoting the development of environmentally-friendly and energy efficient vehicles.","['Ev Charging Infrastructure', 'Wind Energy Systems', 'Solar Energy Systems', 'EV and PHV Charging Equipment', 'Battery Storage Systems', 'Renewable Energy Initiatives']",Services,Chiropractors,Offices of Chiropractors,Infrastructure Excavation,0.0670,uncertain,0.0670292679196617,0.0311568564896972,,
"Geisha Palace Landscape Scenic Palace Landsculpture Stone Art Team is a Chinese company that specializes in the manufacturing of artificial rock fake mountain caves, cement reliefs, sculptures, false waterfall flowing water paintings, faux hills, tree imitation wooden railing, sculptures and paintings, and plastic stone fake mountain construction process. The company's products are designed to depict ambitious landscape architecture sculpture stone false mountain, which can create an aspirational artistic image of a major and powerful rock scenery eruption, especially to represent a huge gemstone that is difficult to mine or pile up. Geisha Palace's artificial mountain making technique is more compatible with modern buildings and can be used to create a house garden fake mountain, a traditional Chinese Qingshan green water landscape phenomenon with three major elements: green plants, engineering architecture, and green water.","['Excellent After-sales Service', 'Technological Innovation', 'Relief Sculptures Manufacturer', 'Technical Support', 'Painted Art Imitation Wood Manufacturer', 'Faux Indoor Tree Manufacturer', 'Landscape Sculptures Manufacturer', 'Natural Stone Manufacturing', 'False Waterfall Flowing Water Paint Manufacturer']",Manufacturing,"Marble, Granite & Stone Products",Cut Stone and Stone Product Manufacturing,Wood Product Manufacturing,0.0643,uncertain,0.0642841188231999,0.0047654075454666,,
"Adeline Bodard Maraîchère Bio is a farm located in Melleroy, France, in the Amapp des 4 Saisons region. The farm produces a variety of seasonal vegetables, including tomatoes, cucumbers, cucappas, aubergines, peppers, green beans, and strawberries. The market offers a range of products from local producers, such as vegetables, jams, jams and jellies, milks, chocolates, teas, coffees, cakes, cheeses, goat cheese, bedding cosmetics, pet grooming, wood and fabric creations, and jewelry. Visitors can also enjoy a garden visit at 11 am.","['Organic Cheeses', 'Confections and Sorbets', 'Organic Vegetables', 'Organic Honey', 'Organic Wood Construction', 'Organic Cosmetics', 'Organic Pasta', 'Organic Products', 'Organic-quality Fabric Creations', 'Organic Coffee', 'Organic Jewelry']",Manufacturing,Farms & Agriculture Production,Berry (except Strawberry) Farming,Coffee Processing Services,0.0636,uncertain,0.0635510828483462,0.0214137680194253,,
"Shenzhen Xinyi Automobile Co., Ltd. is a Chinese company that specializes in the sale of various types of vehicles, including watercraft, garbage trucks, vacuum trucks, garbage trailers, oil tankers, aerial work trucks, high-pressure cleaning trucks, fire trucks, forklift trucks, concrete mixer trucks, chemical liquid transport trucks, road trucks, refrigerated trucks, and automotive accessories. The company also offers a wide range of second-hand vehicles and accessories. They have a self-exporting capability and their products are popular in both domestic and international markets, with a focus on Northeast China.","['Manufactured High-pressure Washers', 'Chemical Conveyors', 'Road Trucks', 'After-sales Service', 'Fire Trucks Manufacturer', 'Concrete Batching Trucks Manufacturer', 'Scrubber Driers Manufacturer', 'Water Trucks Manufacturer', 'Telescopic Handlers Manufacturer']",Manufacturing,Automobile Dealers & Manufacturers,Heavy Duty Truck Manufacturing,Chemical Manufacturing,0.0633,uncertain,0.0633147660767049,0.0207070904117008,,
"Suez Cement - السويس للاسمنت is a company based in Suez, Egypt, specializing in the manufacturing and supply of cement and building materials.","['Cement Manufacturing', 'C Manufacturer', 'Industrial Development', 'Green Electricity Generation', 'Cement Supplier for Construction Industry', 'Non-renewable Resources', 'Sports Club', 'Ready-mix Concrete Production', 'Quality of Life Improvement', 'Sales Network', 'C Manufacturer of Cement', 'Construction Materials Manufacturing', 'Cement-based Construction Materials Manufacturer', 'Building Materials']",Manufacturing,Asphalt & Paving Products,Cement Manufacturing,Commercial Driveway Construction,0.0623,uncertain,0.0623136256321601,0.0015914403975987,,
"The company is a provider of high-end manufacturing solutions for titanium and titanium alloy special materials, parts, and lightweight general-purpose solutions. They focus on the development of titanium and metal alloys and provide comprehensive solutions for customers' core needs in lightweight, reliability, wear resistance, and protection. The company has a good development track record and has attracted several investment institutions and government industrial finance investments, bringing in a wide range of development opportunities. They have established partnerships with several well-known companies in the industry, including Zhongshan Zhonghe Zhongfengdao Metallurgy Equipment Manufacturing Co., Ltd., Wenzhou and Wenzhong Tianyuan Titanium Industry Co., LTD., Zhongde Titanium Mountain (Wenzhou) Technology Development Co., Limited, and Wenhua Shenyang Fire Protection Technology Co., (Zhongshuang Research Institute) among others.","['Research Institution', 'High-tech Manufacturing', 'Precision Components', 'Research and Development', 'Metal Products Manufacturer', 'Defense Light Weight Solutions', 'Maintenance Solutions', 'Light Weight Solutions for Durability Applications', 'Lightweight Functional Solutions Provider']",Manufacturing,Scrap Metals,"Nonferrous Metal (except Copper and Aluminum) Rolling, Drawing, and Extruding",Market Research Services,0.0614,uncertain,0.0613800374110506,0.0059545533020127,,
"Kunming County Industrial and Information & Communication Technology Enterprise is a government agency located in Kunming, China. The agency is responsible for promoting and supporting the development of the region's industrial, commercial, and cross-sectoral activities. It has been involved in various projects, including the development and implementation of a 100MW wind power project in Heshan, the ""Green Power Triangle Energy"" project, and the ""Shanghai ""十三五"" development project. The office is headed by the ""Kunting County Industrial & Information Technology Enterprise"" and has received technical support from ""Shaanxi Tian Tian Creative Culture Co., Ltd.""","['Prize Pool', 'Online Gambling Platform', 'Official Venues', 'Electronic Sports', 'Play Lotto', 'Unlimited Withdrawals', 'European Cup 2016', 'High Odds']",Government,"Executive, Legislative & Government Institutions",Administration of Housing Programs,Swimming Pool Installation Services,0.0608,uncertain,0.0607976684074562,0.0033681478305828,,
"Pirotecnica - Bestbuymobimobile is a company that specializes in the production and sale of high-quality fireworks at affordable prices. They offer a variety of products, including 100 and 200 shot pyrotechnics, with prices ranging from €19.99 to €120.","['Pyrotechnics Research and Development', 'Battery 200 Shots', 'Multimedia Collage']",Manufacturing,Gun shop,Explosives Manufacturing,Market Research Services,0.0539,uncertain,0.0538536223980305,0.017598137607511,,
DenLors Auto Blog is an auto tool sales company that specializes in providing top-quality kits for repairing spark plug threads for Harley Davidson motorcycles and other brands. They offer Time Sert kits that use superior inserts and installation techniques to ensure reliable and long-lasting solutions. The company understands the frustration of customers who have previously used ineffective parts store kits for spark plug thread repair and offers their expertise to help customers select the right kit for their Harley Davidson. DenLors Tools also provides answers to frequently asked questions about repairing Harley Davidson spark plug wires.,"['Time Sert Kits', 'Rescue Bits', 'Windows Tools', 'Auto Tool Sales', 'Repairing Spark Plug Threads', 'Retail', 'ATD Tools']",Manufacturing,Auto Parts Manufacturers,Motor Vehicle Gasoline Engine and Engine Parts Manufacturing,Windows and Doors Installation,0.0513,uncertain,0.0512522789646692,0.0250167376660877,,
"Marktplatz Hundsangen is a virtual marketplace that provides information about the town of Hundzangen and its businesses. The marketplace offers a directory of local businesses, a business directory, and information on services, events, and transportation. The concept of the marketplace allows users to quickly and easily access compact information about a specific city or municipality. Hundsdangen's location in the Westerwald region provides a well-developed network of cycling and hiking trails for nature enthusiasts to explore the flora and fauna of the area. The town also offers various cultural and sports facilities, such as a sports hall and swimming pool, for a diverse and active leisure environment.","['Comprehensive Information Services', 'Local Businesses Information', 'Local Business Directory Services']",Government,"Executive, Legislative & Government Institutions","Executive and Legislative Offices, Combined",Swimming Pool Installation Services,0.0509,uncertain,0.0509397037809704,0.003640999409603,,
"El Shandweely Trading for Suppliers of Tyres is a leading company in the tire and battery market in Egypt. They are the exclusive agent for all brands offered on their website in Egypt and are considered one of the largest importers of tires in the country. The company provides high-quality international tires and offers assembly, installation, and alignment services for all types of cars to ensure safety, comfort, and driving pleasure for motorists throughout Egypt. El ShandWeely is a distributor for all tire and batteries companies and provides solutions for car tires of all kinds that cover all the needs of the Egyptian market in all its sectors.","['Alignment and Disassembly Services', 'International Tires', 'Technical Support Services', 'Tire and Battery Distributor', 'Recycled Batterings', 'Bathroom Facilities', 'Alignment Services', 'Tyres and Batteries', 'Wheelchair Accessible Entrance', 'Maintenance Services']",Wholesale,"Breaks, Wheels & Tire Dealers",Tire and Tube Merchant Wholesalers,Road Maintenance Services,0.0500,uncertain,0.0499758754556931,0.0062119309228177,,
"The Reformed Presbyterian Church of Bucklands Beach is a religious organization located in Bucklands beach, Auckland, New Zealand. The church offers Sunday worship services and various other ministries throughout the week, including Bible study groups in the East Auckland area. The teaching pastor, James Hyslop, presents God's word in a clear and relatable manner and has a passion for people to be involved in their lives and to see them grow in a deeper faith in Jesus Christ. The organization is part of the Reformed Churches of New Zealand (Rcnz), a larger group of churches that work together for mutual encouragement, accountability, and furthering the kingdom of God through the proclamation of the Gospel of Grace.","['Religious Organization', 'Sunday Morning Worship Services', 'Bible Study Groups', 'Morning Service']",Non Profit,Churches & Religious Organizations,Religious Organizations,Non-Profit Management,0.0487,uncertain,0.0487030006677953,0.0365148059908163,,
"Redhead Cider Adventures is a company that specializes in introducing people to new ciders and flavor experiences. The company was founded by a redhead cider aficionado who has a passion for trying new cider and is often found at weekly tastings, cider festivals, and other cider events. The founder's goal is to bring more information about cider to the masses, so they too can fall in love with the amazing taste of the huge variety of hard ciders out there.","['Cider Tasting Experiences', 'Food and Beverage', 'Tastings And Events', 'Flavor Experience', 'Tasting Flights']",Manufacturing,Tree Farms,Apple Orchards,Non-Alcoholic Beverage Manufacturing,0.0476,uncertain,0.0475810780845456,0.0113850713212083,,
"Optimal Avionics is a premier avionics and aircraft maintenance provider located in Atlanta, Georgia. They specialize in scheduled and un-scheduled repairs and servicing on most general aviation aircraft, with a highly skilled and experienced workforce that offers responsive service and nationwide coverage throughout the U.S. and select international markets. Optimal Avionic's AOG Mobile Maintenance team is operational 24/7, allowing them to travel to the customer and save them time and money. They provide cutting-edge avionics systems that enhance aircraft safety, performance, and efficiency, empowering business professionals to maximize their valuable time. Opt optimal Avionics offers a range of products and services, including indicators, flight command, pilot control, wheel, AutoPilot Pro, system, engine guard, monitoring, aircraft cleaning and detailing, and parts sales.","['Expert Technical Support', 'Rotable Exchanges', 'Honeywell Inertial Measurement Unit', 'Aircraft Cleaning and Detailing Services', 'Wheels & Brakes', 'Filters, Harness, and Switch', 'Flight with Command', 'Extensive Inventory', 'Precise Quality Control', '24/7 Support Hotline', 'Mobile AOG Maintenance', 'Aviation Maintenance and Avionics Provider', 'Parts Sales', 'Jacks, Towbars, and HPU', 'Pilot Controls', 'Transponders, Antennas, and Compasses', 'Rapid Global Delivery', 'Aircraft Tools', 'Gauges, Wrenches, and Adapters']",Services,Railroad Service Companies,Other Support Activities for Air Transportation,Road Maintenance Services,0.0474,uncertain,0.047391179121004,0.0040850168119605,,
"The Tribal Libraries, Archives, and Museums Project (Tlam) is a pilot project at the University of Wisconsin-Madison School of Library and Information Studies (Slis) that focuses on designing a course for SLIS called Tribal Libraries. The project aims to create relationships between SLIS, the Red Cliff community, the larger University, the library and information community, and other tribes and bands across the state. TLAM advisors include Prof. Sunny Kim, Janice Rice, and Special Librarian Michele Besant.","['Library and Information Studies Education', 'Archives, Libraries, and Museums']",Services,Libraries,Libraries and Archives,Project Management Services,0.0471,uncertain,0.0471419426397999,0.0253532951313265,,
"Maison de Retraite et Ehpad is a French directory that provides detailed information and photos of medical retirement homes (Ehpad, Usld, Alzheimer's, and other types of retirement homes), residential services, homestays, autonomous residences, and Ehpa retirement homes. The directory offers information on the different types of establishments, including those that are medicalized, non-medicalized, and those that provide services such as home-based living. The website also provides information on Alzheimer's and Parkinson's care, as well as resources for those interested in working in Ehpad. Additionally, the directory offers a directory of nursing homes and EHPADs in France.","['Community Housing', 'Individual Residences for Autonomous Elderly Individuals', 'Resident Autonomy', 'Autonomy Residences', 'Personalization of Autonomics', 'Information and Directory Services', 'Service Residences', 'Information Services for Alzheimers Patients', 'Retirement Living Directory Services', 'Directory Platform', 'Medical Retirement Homes Directory', 'Personalized Autonomy Allocation Services']",Services,Senior Care and Assisted Living Facilities,Continuing Care Retirement Communities,Community Engagement Services,0.0428,uncertain,0.0428435477196368,0.0142406977124509,,
"Yap Aluminium & Glass Works is a company based in Jemaluang, Johor, Malaysia. It operates in the aluminum supply industry.",[],Manufacturing,Aluminum Processing & Products,"Other Aluminum Rolling, Drawing, and Extruding",Coffee Processing Services,0.0393,uncertain,0.0393451546516023,0.0011747332254526,,
"8Day is a South Korean-Asian online casino that specializes in sports betting, lottery, casino games, and online betting. They offer a variety of casino games such as slot machines, roulette, blackjack, and poker, as well as online lottery games like blackjack and roulette. The company also provides VIP services and gift cards for their customers. 8Day is known for their reliable and easy-to-use platform, with a focus on providing a safe and enjoyable experience for their clients. They have received positive feedback from customers who have enjoyed their games and recommend them to others.","['Entertainment Venue', 'GPI Casinos', 'Gift Vouchers', 'Online Gaming Platform', 'Employee-owned Entertainment Venue', 'Lottery Games', 'Tcg Lottery', 'Keno VL', 'BBIN Lottery BBIN', 'Gambling and Betting Services', 'Products & Gifts']",Services,Casino & Betting,Other Gambling Industries,Online Marketing Services,0.0383,uncertain,0.0383099804827358,0.0244464417145236,,
"Good Friend is an import, export, distribution, and solution company specializing in pneumatics, lubricants, and filtration. The company is a key player in the market and offers a range of internationally recognized brands to meet the needs of the global market. Good Friend's mission is to provide a diverse and distinguished range of products and services that promote safe mobility while protecting the environment.","['Importing Company', 'Lubricant Products', 'Importing, Distributing, and Pavement Solutions', 'Pneumatic Products', 'Car Rental', 'Filtration Solutions', 'Vehicle Purchase', 'Distribution Company']",Wholesale,Auto Parts Store,Tire and Tube Merchant Wholesalers,Sidewalk Construction Services,0.0369,uncertain,0.0368519253890536,0.0175679352575462,,
"Zhejiang Zhongzheng Precision Component Co., Ltd. is a Chinese company that specializes in providing high-performance bearing solutions for the automotive and general industry. With a team of 622 employees, including 135 engineers and research and development personnel, the company is committed to providing global customer service.","['Manufacturing', 'High-performance Winding Solutions', 'Winding Equipment for Automotive Industry']",Manufacturing,Metal Fabrication Services,Ball and Roller Bearing Manufacturing,Sheet Metal Services,0.0342,uncertain,0.0342382064969099,0.0056568610783123,,
"Suplant is a Polish company that specializes in the manufacturing of highly reactive granular calcium carbonate fertilizers. Their products are made using modern technology and the best natural mineral raw materials available in the Polish market. Suplant offers a range of fertilizers, including Suplagran and Calcium Magnesium Fertilizer (CMF) - Suplamag, which are highly reactive and can be used without any restrictions in organic farming areas. The company possesses tests and certificates required for this type of fertilizer.","['Fertillizer Chalk Based on Flour', 'Organic Farms', 'Calcium Fertilizers Manufacturer', 'Trading Company', 'Calcium Granules Manufacturer', 'Blackboard Chalk']",Manufacturing,Chemicals,Phosphatic Fertilizer Manufacturing,Chemical Manufacturing,0.0341,uncertain,0.0341410829669497,0.0141152682454624,,
"TelecomLeader.com is a domain name that is currently for sale. The company offers a buyer protection program and provides fast and easy transfers with hassle-free payments. Customers can choose to pay by bank wire and receive a 1% discount or use popular payment options like Adyen, a popular platform for tech companies like Uber and eBay.","['Secure Payments', 'Hassle-free Payments', 'Bank Wire Payments', 'Transaction Support', 'Fast and Easy Transfers', 'Domain Name Sales', 'Buyer Protection Program', 'Value Added Tax Information']",Services,Telecommunications,Telecommunications Resellers,Fire Protection System Services,0.0332,uncertain,0.0331535731107921,0.0288612152394441,,
"Kota Basent Vehicle Colony Aditya Nagar is a driver and vehicle licensing agency located in Modak, Rajasthan, India. They specialize in providing license and registration services for vehicles.","['Driver Licensing Services', 'License Acquisition Services', 'Vehicle Registration Services', 'Registration Services']",Services,Car Rental,Lessors of Nonfinancial Intangible Assets (except Copyrighted Works),Legal Services,0.0222,uncertain,0.0222282312876287,9.54461822375019e-06,,
Airconnect is a company that provides a branded video meeting portal for businesses to meet their clients and customers. They offer a fully featured customer portal that allows customers to access their data directly and video call in a branded portal. The portal can have multiple video touchpoints for onboarding or regular consultations. Airconnect aims to automate onboarding processes and make activation easy by collecting all customer information in a portal.,"['Regular Consultations', 'Self-serve Options', 'Video Touchpoints during Onboarding', 'Fully Featured Customer Portal', 'Branded Video Meeting Portal Services', 'Automated Onboarding']",,,All Other Business Support Services,Data Analysis Services,0.0164,uncertain,0.0163611698257045,0.000517272678714,,
"KiAng is a Chinese professional tactical gear manufacturer that has been in operation for 15 years. They specialize in producing high-quality tactical backpacks, medical kits, gun holsters, magazine pouches, bulletproof vests, bullet-resistant vests and helmets, anti-riot shields, anti riot suits, tactical earpieces, tactical flashlights, and other tactical accessories. The company has its own design and development team, with 80% of its designers and developers having over 10 years of experience in the industry. They offer OEM and ODM orders and can also create customized production according to customer samples. KiAng has its production capacity for an annual production of 50,000 pieces of stab resistance personal body armor, tactical vests.",[],Manufacturing,Sporting Goods Store,Sporting and Athletic Goods Manufacturing,Ice Production Services,0.0143,uncertain,0.0143069271180064,0.0002069874932001,,
"Todayupdates is a company that provides information and updates on various technology-related topics, including WhatsApp, Instagram, and Viber. They offer tips and guides on how to use and use popular messaging apps such as WhatsApp, Facebook Messenger, and Instagram, as well as how to download and share photos, stories, reels, and videos. They also provide information on how-to recovery and delete WhatsApp messages, track online relationships, and record calls using call recorders.","['Video Editing Apps', 'Jawan Template Text Effect Capcut', 'Whatsapp Messaging Editing']",Services,Newspapers & Magazines,Greeting Card Publishers,Online Marketing Services,0.0099,uncertain,0.0099156075545798,0.0010946326074724,,
"Květinářství is a small flower shop that specializes in cut flowers. They offer a variety of seasonal flowers for both indoor and outdoor use, as well as for home decor. The company prides itself on its passion for flowers and aims to provide customers with beautiful and fresh flowers. In addition to their selection of flowers, they also offer flower arrangements for special occasions such as Mother's Day.","['Floral Arrangement Services', 'Floral Arrangements for Gardens', 'Gift Items', 'Retail', 'Seasonal Flower Arrangements']",Wholesale,Florists,"Flower, Nursery Stock, and Florists' Supplies Merchant Wholesalers",Animal Day Care Services,0.0099,uncertain,0.0098597786340463,0.000416994580388,,
"Galery Rch is a fish farm located in Cicadas, West Java, Indonesia.",['Fish Hatchery'],Manufacturing,Fish Farms,Other Aquaculture,Plastic Manufacturing,0.0090,uncertain,0.0089760289273287,0.0005613267108813,,
"Barijotwa is a driving school located in Basti, Uttar Pradesh, India.","['Educational', 'Driving School Industry']",Education,Driving Schools,Automobile Driving Schools,Occupational Health Services,0.0000,uncertain,0.0,0.0,,
