label,keywords,label_description
Agricultural Equipment Services,"agri, agricultural, agricultural equipment services, agriculturals, equipment, equipments, farm, farming, heavy equipment, machinery, tools","Agricultural Equipment Services agri, agricultural, agricultural equipment services, agriculturals, equipment, equipments, farm, farming, heavy equipment, machinery, tools"
Soil Nutrient Application Services,"dirt, fertilizer, ground, nutrient, nutrients, plant nutrition, soil, soil nutrient application services, soil nutrients, soils, spraying, spreading, treatment","Soil Nutrient Application Services dirt, fertilizer, ground, nutrient, nutrients, plant nutrition, soil, soil nutrient application services, soil nutrients, soils, spraying, spreading, treatment"
Pesticide Application Services,"crop spray, fungicide, herbicide, insecticide, pest control, pesticide, pesticide application services, pesticides, spraying, spreading, treatment","Pesticide Application Services crop spray, fungicide, herbicide, insecticide, pest control, pesticide, pesticide application services, pesticides, spraying, spreading, treatment"
Ornamental Plant Nurseries,"decorative plants, garden center, greenhouse, landscape plants, nurserie, nurseries, ornamental, ornamental plant nurseries, ornamentals, plant, plant nursery, plants","Ornamental Plant Nurseries decorative plants, garden center, greenhouse, landscape plants, nurserie, nurseries, ornamental, ornamental plant nurseries, ornamentals, plant, plant nursery, plants"
Landscaping Services,"garden maintenance, groundskeeping, landscape design, landscaping, landscaping services, landscapings, lawn care, yard work","Landscaping Services garden maintenance, groundskeeping, landscape design, landscaping, landscaping services, landscapings, lawn care, yard work"
Gardening Services,"garden care, garden maintenance, gardening, gardening services, gardenings, horticulture, planting, weeding","Gardening Services garden care, garden maintenance, gardening, gardening services, gardenings, horticulture, planting, weeding"
Tree Services - Pruning / Removal,"arborist, cutting, demolition, pruning, prunings, removal, removals, stump removal, takeaway, tree, tree care, tree removal, tree services - pruning / removal, tree trimming, trees, trimming","Tree Services - Pruning / Removal arborist, cutting, demolition, pruning, prunings, removal, removals, stump removal, takeaway, tree, tree care, tree removal, tree services - pruning / removal, tree trimming, trees, trimming"
Veterinary Services,"animal clinic, animal hospital, pet clinic, pet healthcare, vet, veterinary, veterinary services, veterinarys","Veterinary Services animal clinic, animal hospital, pet clinic, pet healthcare, vet, veterinary, veterinary services, veterinarys"
Veterinary Clinics,"animal clinic, animal hospital, clinic, clinics, diagnostics, health clinic, medical clinic, pet clinic, pet healthcare, practice, surgery, vaccinations, vet, vet clinic, veterinary, veterinary clinics, veterinarys","Veterinary Clinics animal clinic, animal hospital, clinic, clinics, diagnostics, health clinic, medical clinic, pet clinic, pet healthcare, practice, surgery, vaccinations, vet, vet clinic, veterinary, veterinary clinics, veterinarys"
Pet Boarding Services,"boarding, boardings, companion animal, day boarding, kennel, overnight boarding, pet, pet boarding, pet boarding services, pet care, pets","Pet Boarding Services boarding, boardings, companion animal, day boarding, kennel, overnight boarding, pet, pet boarding, pet boarding services, pet care, pets"
Animal Day Care Services,"animal, animal day care services, animals, care, cares, daily, day, day care, days, daytime, dog daycare, livestock, pet, pet daycare, pet sitting, support","Animal Day Care Services animal, animal day care services, animals, care, cares, daily, day, day care, days, daytime, dog daycare, livestock, pet, pet daycare, pet sitting, support"
Pet Grooming Services,"bath, cat grooming, companion animal, dog grooming, grooming, groomings, haircut, nail trim, pet, pet care, pet grooming, pet grooming services, pets, trimming, washing","Pet Grooming Services bath, cat grooming, companion animal, dog grooming, grooming, groomings, haircut, nail trim, pet, pet care, pet grooming, pet grooming services, pets, trimming, washing"
Animal Training Services,"animal, animal training services, animals, behavior training, coaching, livestock, obedience, pet, trainer, training, trainings","Animal Training Services animal, animal training services, animals, behavior training, coaching, livestock, obedience, pet, trainer, training, trainings"
Veterinary Health Centers,"animal clinic, animal hospital, emergency vet, health, healthcare, healths, medical, pet clinic, pet healthcare, vet, vet clinic, veterinary, veterinary health centers, veterinarys","Veterinary Health Centers animal clinic, animal hospital, emergency vet, health, healthcare, healths, medical, pet clinic, pet healthcare, vet, vet clinic, veterinary, veterinary health centers, veterinarys"
Animal Trainers,"animal, animal trainers, animals, behavior training, coaching, livestock, obedience, pet, trainer, trainers","Animal Trainers animal, animal trainers, animals, behavior training, coaching, livestock, obedience, pet, trainer, trainers"
Livestock Dealer Services,"cattle, dealer, dealers, farm animals, livestock, livestock dealer services, livestock trading, livestocks, ranch, reseller, supplier, vendor","Livestock Dealer Services cattle, dealer, dealers, farm animals, livestock, livestock dealer services, livestock trading, livestocks, ranch, reseller, supplier, vendor"
Timber Harvesting Operations,"extraction, felling, harvesting, harvestings, logging, lumber, timber, timber harvesting operations, timbers, wood","Timber Harvesting Operations extraction, felling, harvesting, harvestings, logging, lumber, timber, timber harvesting operations, timbers, wood"
Fishing and Hunting Services,"angling, charter fishing, fishery, fishing, fishing and hunting services, fishings, game hunting, hunting, hunting guide, huntings, outfitter","Fishing and Hunting Services angling, charter fishing, fishery, fishing, fishing and hunting services, fishings, game hunting, hunting, hunting guide, huntings, outfitter"
Well Maintenance Services,"borehole, maintenance, maintenances, repair, servicing, upkeep, water well, well, well maintenance services, well service, wells","Well Maintenance Services borehole, maintenance, maintenances, repair, servicing, upkeep, water well, well, well maintenance services, well service, wells"
Field Welding Services,"fabrication, field, field repair, field welding services, fields, metal welding, welder, welding, weldings","Field Welding Services fabrication, field, field repair, field welding services, fields, metal welding, welder, welding, weldings"
Sand and Gravel Mining,"aggregate, extraction, gravel, gravel pit, gravels, mining, minings, pit mining, quarry, sand, sand and gravel mining, sand pit, sand quarry, sands","Sand and Gravel Mining aggregate, extraction, gravel, gravel pit, gravels, mining, minings, pit mining, quarry, sand, sand and gravel mining, sand pit, sand quarry, sands"
Residential Driveway Construction,"asphalt driveway, asphalt paving, build, builder, concrete driveway, concrete work, construction, constructions, contractor, driveway, driveway paving, driveways, install, paving, paving contractor, residential driveway construction","Residential Driveway Construction asphalt driveway, asphalt paving, build, builder, concrete driveway, concrete work, construction, constructions, contractor, driveway, driveway paving, driveways, install, paving, paving contractor, residential driveway construction"
Commercial Driveway Construction,"asphalt driveway, asphalt paving, build, builder, commercial driveway construction, concrete driveway, concrete work, construction, constructions, contractor, driveway, driveway paving, driveways, install, paving, paving contractor","Commercial Driveway Construction asphalt driveway, asphalt paving, build, builder, commercial driveway construction, concrete driveway, concrete work, construction, constructions, contractor, driveway, driveway paving, driveways, install, paving, paving contractor"
Fencing Construction Services,"build, builder, construction, constructions, contractor, fence installation, fencing, fencing construction services, fencings, gate, install, perimeter fence","Fencing Construction Services build, builder, construction, constructions, contractor, fence installation, fencing, fencing construction services, fencings, gate, install, perimeter fence"
Sidewalk Construction Services,"build, builder, construction, constructions, contractor, footpath, install, pavement, sidewalk, sidewalk construction services, sidewalks, walkway","Sidewalk Construction Services build, builder, construction, constructions, contractor, footpath, install, pavement, sidewalk, sidewalk construction services, sidewalks, walkway"
Commercial Irrigation Systems,"commercial irrigation systems, drip irrigation, irrigation, irrigations, sprinkler, sprinkler system, watering system","Commercial Irrigation Systems commercial irrigation systems, drip irrigation, irrigation, irrigations, sprinkler, sprinkler system, watering system"
Residential Drainage Systems,"culvert, drain, drain installation, drainage, drainages, grading, residential drainage systems, sewer, stormwater","Residential Drainage Systems culvert, drain, drain installation, drainage, drainages, grading, residential drainage systems, sewer, stormwater"
Residential Snow Removal,"de-icing, demolition, ploughing, removal, removals, residential snow removal, snow, snow plowing, snow removal, snows, takeaway, winter maintenance, winter service","Residential Snow Removal de-icing, demolition, ploughing, removal, removals, residential snow removal, snow, snow plowing, snow removal, snows, takeaway, winter maintenance, winter service"
Commercial Snow Removal,"commercial snow removal, de-icing, demolition, ploughing, removal, removals, snow, snow plowing, snow removal, snows, takeaway, winter maintenance, winter service","Commercial Snow Removal commercial snow removal, de-icing, demolition, ploughing, removal, removals, snow, snow plowing, snow removal, snows, takeaway, winter maintenance, winter service"
General Snow Removal Services,"de-icing, demolition, general snow removal services, ploughing, removal, removals, snow, snow plowing, snow removal, snows, takeaway, winter maintenance, winter service","General Snow Removal Services de-icing, demolition, general snow removal services, ploughing, removal, removals, snow, snow plowing, snow removal, snows, takeaway, winter maintenance, winter service"
Land Leveling Services,"land, land leveling services, lands, leveling, levelings","Land Leveling Services land, land leveling services, lands, leveling, levelings"
Residential Drain Cleaning,"cleaning, cleanings, drain, drains, residential drain cleaning","Residential Drain Cleaning cleaning, cleanings, drain, drains, residential drain cleaning"
Commercial Drain Cleaning,"cleaning, cleanings, commercial drain cleaning, drain, drains","Commercial Drain Cleaning cleaning, cleanings, commercial drain cleaning, drain, drains"
Street Cleaning Operations,"cleaning, cleanings, street, street cleaning operations, streets","Street Cleaning Operations cleaning, cleanings, street, street cleaning operations, streets"
Conveyor System Installation,"conveyor, conveyor system installation, conveyors, installation, installations","Conveyor System Installation conveyor, conveyor system installation, conveyors, installation, installations"
Low-Rise Signage Installation,"installation, installations, low, low-rise signage installation, lows, rise, rises, signage, signages","Low-Rise Signage Installation installation, installations, low, low-rise signage installation, lows, rise, rises, signage, signages"
High-Rise Signage Installation,"high, high-rise signage installation, highs, installation, installations, rise, rises, signage, signages","High-Rise Signage Installation high, high-rise signage installation, highs, installation, installations, rise, rises, signage, signages"
Tank Installation Services,"installation, installations, tank, tank installation services, tanks","Tank Installation Services installation, installations, tank, tank installation services, tanks"
Residential Communication Equipment Installation,"communication, communications, equipment, equipments, heavy equipment, installation, installations, machinery, residential communication equipment installation, tools","Residential Communication Equipment Installation communication, communications, equipment, equipments, heavy equipment, installation, installations, machinery, residential communication equipment installation, tools"
Commercial Communication Equipment Installation,"commercial communication equipment installation, communication, communications, equipment, equipments, heavy equipment, installation, installations, machinery, tools","Commercial Communication Equipment Installation commercial communication equipment installation, communication, communications, equipment, equipments, heavy equipment, installation, installations, machinery, tools"
Low-Rise Glass Installation,"glas, glass, installation, installations, low, low-rise glass installation, lows, rise, rises","Low-Rise Glass Installation glas, glass, installation, installations, low, low-rise glass installation, lows, rise, rises"
High-Rise Glass Installation,"glas, glass, high, high-rise glass installation, highs, installation, installations, rise, rises","High-Rise Glass Installation glas, glass, high, high-rise glass installation, highs, installation, installations, rise, rises"
Industrial Machinery Installation,"industrial, industrial machinery installation, industrials, installation, installations, machinery, machinerys","Industrial Machinery Installation industrial, industrial machinery installation, industrials, installation, installations, machinery, machinerys"
Agricultural Machinery Installation,"agri, agricultural, agricultural machinery installation, agriculturals, farm, farming, installation, installations, machinery, machinerys","Agricultural Machinery Installation agri, agricultural, agricultural machinery installation, agriculturals, farm, farming, installation, installations, machinery, machinerys"
Grain Handling Machinery Installation,"grain, grain handling machinery installation, grains, handling, handlings, installation, installations, machinery, machinerys","Grain Handling Machinery Installation grain, grain handling machinery installation, grains, handling, handlings, installation, installations, machinery, machinerys"
Dock and Pier Construction,"build, builder, construction, constructions, contractor, dock, dock and pier construction, docks, install, pier, piers","Dock and Pier Construction build, builder, construction, constructions, contractor, dock, dock and pier construction, docks, install, pier, piers"
Road and Highway Construction,"build, builder, construction, constructions, contractor, highway, highways, install, road, road and highway construction, roads","Road and Highway Construction build, builder, construction, constructions, contractor, highway, highways, install, road, road and highway construction, roads"
Road Maintenance Services,"maintenance, maintenances, repair, road, road maintenance services, roads, servicing, upkeep","Road Maintenance Services maintenance, maintenances, repair, road, road maintenance services, roads, servicing, upkeep"
Pipeline Construction Services,"build, builder, construction, constructions, contractor, install, pipeline, pipeline construction services, pipelines","Pipeline Construction Services build, builder, construction, constructions, contractor, install, pipeline, pipeline construction services, pipelines"
New Ground Pipeline Installation,"ground, grounds, installation, installations, new, new ground pipeline installation, news, pipeline, pipelines","New Ground Pipeline Installation ground, grounds, installation, installations, new, new ground pipeline installation, news, pipeline, pipelines"
Excavation Services,"excavation, excavation services, excavations","Excavation Services excavation, excavation services, excavations"
Residential Plumbing Services,"plumbing, plumbings, residential plumbing services","Residential Plumbing Services plumbing, plumbings, residential plumbing services"
Commercial Plumbing Services,"commercial plumbing services, plumbing, plumbings","Commercial Plumbing Services commercial plumbing services, plumbing, plumbings"
Industrial Plumbing Services,"industrial, industrial plumbing services, industrials, plumbing, plumbings","Industrial Plumbing Services industrial, industrial plumbing services, industrials, plumbing, plumbings"
Boiler Installation Services,"boiler, boiler installation services, boilers, installation, installations","Boiler Installation Services boiler, boiler installation services, boilers, installation, installations"
Boiler Repair Services,"boiler, boiler repair services, boilers, repair, repairs","Boiler Repair Services boiler, boiler repair services, boilers, repair, repairs"
Steam Services,"steam, steam services, steams","Steam Services steam, steam services, steams"
Gas Installation Services,"gas, gas installation services, gass, installation, installations","Gas Installation Services gas, gas installation services, gass, installation, installations"
Medical Gas Installation Services,"gas, gass, installation, installations, medical, medical gas installation services, medicals","Medical Gas Installation Services gas, gass, installation, installations, medical, medical gas installation services, medicals"
Fire Protection System Services,"fire, fire protection system services, fires, protection, protections","Fire Protection System Services fire, fire protection system services, fires, protection, protections"
HVAC Installation and Service,"hvac, hvac installation and service, hvacs, installation, installations","HVAC Installation and Service hvac, hvac installation and service, hvacs, installation, installations"
HVAC Inspections,"hvac, hvac inspections, hvacs, inspection, inspections","HVAC Inspections hvac, hvac inspections, hvacs, inspection, inspections"
Air Duct Cleaning Services,"air, air duct cleaning services, airs, cleaning, cleanings, duct, ducts","Air Duct Cleaning Services air, air duct cleaning services, airs, cleaning, cleanings, duct, ducts"
Water Treatment Services,"treatment, treatments, water, water treatment services, waters","Water Treatment Services treatment, treatments, water, water treatment services, waters"
Residential Electrical Services,"electrical, electricals, residential electrical services","Residential Electrical Services electrical, electricals, residential electrical services"
Commercial Electrical Services,"commercial electrical services, electrical, electricals","Commercial Electrical Services commercial electrical services, electrical, electricals"
Alarm Installation Services,"alarm, alarm installation services, alarms, installation, installations","Alarm Installation Services alarm, alarm installation services, alarms, installation, installations"
Electric Line Construction,"build, builder, construction, constructions, contractor, electric, electric line construction, electrics, install, line, lines","Electric Line Construction build, builder, construction, constructions, contractor, electric, electric line construction, electrics, install, line, lines"
Cable Installation Services,"cable, cable installation services, cables, installation, installations","Cable Installation Services cable, cable installation services, cables, installation, installations"
Elevator Installation Services,"elevator, elevator installation services, elevators, installation, installations","Elevator Installation Services elevator, elevator installation services, elevators, installation, installations"
Low-Rise Foundation Construction,"build, builder, construction, constructions, contractor, foundation, foundations, install, low, low-rise foundation construction, lows, rise, rises","Low-Rise Foundation Construction build, builder, construction, constructions, contractor, foundation, foundations, install, low, low-rise foundation construction, lows, rise, rises"
High-Rise Foundation Construction,"build, builder, construction, constructions, contractor, foundation, foundations, high, high-rise foundation construction, highs, install, rise, rises","High-Rise Foundation Construction build, builder, construction, constructions, contractor, foundation, foundations, high, high-rise foundation construction, highs, install, rise, rises"
Precast Concrete Installation,"concrete, concretes, installation, installations, precast, precast concrete installation, precasts","Precast Concrete Installation concrete, concretes, installation, installations, precast, precast concrete installation, precasts"
Tilt-Up Concrete Services,"concrete, concretes, tilt, tilt-up concrete services, tilts, up, ups","Tilt-Up Concrete Services concrete, concretes, tilt, tilt-up concrete services, tilts, up, ups"
Masonry Construction Services,"build, builder, construction, constructions, contractor, install, masonry, masonry construction services, masonrys","Masonry Construction Services build, builder, construction, constructions, contractor, install, masonry, masonry construction services, masonrys"
Drywall Services,"drywall, drywall services, drywalls","Drywall Services drywall, drywall services, drywalls"
Tile Installation Services,"installation, installations, tile, tile installation services, tiles","Tile Installation Services installation, installations, tile, tile installation services, tiles"
Carpentry Services,"carpentry, carpentry services, carpentrys","Carpentry Services carpentry, carpentry services, carpentrys"
Millwork Services,"millwork, millwork services, millworks","Millwork Services millwork, millwork services, millworks"
General Handyman Services,"general handyman services, handyman, handymans","General Handyman Services general handyman services, handyman, handymans"
Insulation Services,"insulation, insulation services, insulations","Insulation Services insulation, insulation services, insulations"
Painting Services,"painting, painting services, paintings","Painting Services painting, painting services, paintings"
Spray Painting Services,"painting, paintings, spray, spray painting services, sprays","Spray Painting Services painting, paintings, spray, spray painting services, sprays"
Flooring Installation Services,"flooring, flooring installation services, floorings, installation, installations","Flooring Installation Services flooring, flooring installation services, floorings, installation, installations"
Interior Design Services,"design, designs, interior, interior design services, interiors","Interior Design Services design, designs, interior, interior design services, interiors"
Home Staging Services,"home, home staging services, homes, staging, stagings","Home Staging Services home, home staging services, homes, staging, stagings"
Sheet Metal Services,"metal, metals, sheet, sheet metal services, sheets","Sheet Metal Services metal, metals, sheet, sheet metal services, sheets"
Welding Services,"fabrication, field repair, metal welding, welder, welding, welding services, weldings","Welding Services fabrication, field repair, metal welding, welder, welding, welding services, weldings"
Structural Steel Erection,"erection, erections, steel, steels, structural, structural steel erection, structurals","Structural Steel Erection erection, erections, steel, steels, structural, structural steel erection, structurals"
Non-Structural Steel Fabrication,"fabrication, fabrications, non, non-structural steel fabrication, nons, steel, steels, structural, structurals","Non-Structural Steel Fabrication fabrication, fabrications, non, non-structural steel fabrication, nons, steel, steels, structural, structurals"
Windows and Doors Installation,"door, doors, installation, installations, window, windows, windows and doors installation","Windows and Doors Installation door, doors, installation, installations, window, windows, windows and doors installation"
Well Drilling Services,"borehole, drilling, drillings, water well, well, well drilling services, well service, wells","Well Drilling Services borehole, drilling, drillings, water well, well, well drilling services, well service, wells"
Directional Drilling Services,"directional, directional drilling services, directionals, drilling, drillings","Directional Drilling Services directional, directional drilling services, directionals, drilling, drillings"
Infrastructure Excavation,"excavation, excavations, infrastructure, infrastructure excavation, infrastructures","Infrastructure Excavation excavation, excavations, infrastructure, infrastructure excavation, infrastructures"
New Ground Excavation,"excavation, excavations, ground, grounds, new, new ground excavation, news","New Ground Excavation excavation, excavations, ground, grounds, new, new ground excavation, news"
Residential Roofing Services,"residential roofing services, roofing, roofings","Residential Roofing Services residential roofing services, roofing, roofings"
Roofing Services with Heat Application,"heat, heats, roofing, roofing services with heat application, roofings, spraying, spreading, treatment, with, withs","Roofing Services with Heat Application heat, heats, roofing, roofing services with heat application, roofings, spraying, spreading, treatment, with, withs"
Waterproofing Services,"waterproofing, waterproofing services, waterproofings","Waterproofing Services waterproofing, waterproofing services, waterproofings"
Septic System Services,"septic, septic system services, septics","Septic System Services septic, septic system services, septics"
Building Cleaning Services,"building, building cleaning services, buildings, cleaning, cleanings","Building Cleaning Services building, building cleaning services, buildings, cleaning, cleanings"
Fire Safety Equipment Services,"equipment, equipments, fire, fire safety equipment services, fires, heavy equipment, machinery, safety, safetys, tools","Fire Safety Equipment Services equipment, equipments, fire, fire safety equipment services, fires, heavy equipment, machinery, safety, safetys, tools"
Testing and Inspection Services,"inspection, inspections, testing, testing and inspection services, testings","Testing and Inspection Services inspection, inspections, testing, testing and inspection services, testings"
Single Family Residential Construction,"build, builder, construction, constructions, contractor, family, familys, install, single, single family residential construction, singles","Single Family Residential Construction build, builder, construction, constructions, contractor, family, familys, install, single, single family residential construction, singles"
Single Family Renovation Services,"family, familys, renovation, renovations, single, single family renovation services, singles","Single Family Renovation Services family, familys, renovation, renovations, single, single family renovation services, singles"
Multi-Family Construction Services,"build, builder, construction, constructions, contractor, family, familys, install, multi, multi-family construction services, multis","Multi-Family Construction Services build, builder, construction, constructions, contractor, family, familys, install, multi, multi-family construction services, multis"
Apartment Renovation Services,"apartment, apartment renovation services, apartments, renovation, renovations","Apartment Renovation Services apartment, apartment renovation services, apartments, renovation, renovations"
Restoration Services,"restoration, restoration services, restorations","Restoration Services restoration, restoration services, restorations"
Mobile Home Construction Services,"build, builder, construction, constructions, contractor, home, homes, install, mobile, mobile home construction services, mobiles","Mobile Home Construction Services build, builder, construction, constructions, contractor, home, homes, install, mobile, mobile home construction services, mobiles"
Commercial Construction Services,"build, builder, commercial construction services, construction, constructions, contractor, install","Commercial Construction Services build, builder, commercial construction services, construction, constructions, contractor, install"
Commercial Renovation Services,"commercial renovation services, renovation, renovations","Commercial Renovation Services commercial renovation services, renovation, renovations"
Swimming Pool Installation Services,"installation, installations, pool, pools, swimming, swimming pool installation services, swimmings","Swimming Pool Installation Services installation, installations, pool, pools, swimming, swimming pool installation services, swimmings"
Swimming Pool Maintenance Services,"maintenance, maintenances, pool, pools, repair, servicing, swimming, swimming pool maintenance services, swimmings, upkeep","Swimming Pool Maintenance Services maintenance, maintenances, pool, pools, repair, servicing, swimming, swimming pool maintenance services, swimmings, upkeep"
Vacant Building Management,"building, buildings, vacant, vacant building management, vacants","Vacant Building Management building, buildings, vacant, vacant building management, vacants"
Vacant Land Services,"land, lands, vacant, vacant land services, vacants","Vacant Land Services land, lands, vacant, vacant land services, vacants"
Meat Processing Services,"meat, meat processing services, meats","Meat Processing Services meat, meat processing services, meats"
Seafood Processing Services,"seafood, seafood processing services, seafoods","Seafood Processing Services seafood, seafood processing services, seafoods"
Dairy Production Services,"dairy, dairy production services, dairys","Dairy Production Services dairy, dairy production services, dairys"
Frozen Food Processing,"food, foods, frozen, frozen food processing, frozens","Frozen Food Processing food, foods, frozen, frozen food processing, frozens"
Ice Production Services,"ice, ice production services, ices","Ice Production Services ice, ice production services, ices"
Canning Services,"canning, canning services, cannings","Canning Services canning, canning services, cannings"
Animal Feed Manufacturing,"animal, animal feed manufacturing, animals, feed, feeds, livestock, pet","Animal Feed Manufacturing animal, animal feed manufacturing, animals, feed, feeds, livestock, pet"
Pet Food Manufacturing,"companion animal, food, foods, pet, pet care, pet food manufacturing, pets","Pet Food Manufacturing companion animal, food, foods, pet, pet care, pet food manufacturing, pets"
Grain Processing Services,"grain, grain processing services, grains","Grain Processing Services grain, grain processing services, grains"
Coffee Processing Services,"coffee, coffee processing services, coffees","Coffee Processing Services coffee, coffee processing services, coffees"
Seed Processing Services,"seed, seed processing services, seeds","Seed Processing Services seed, seed processing services, seeds"
Bakery Production Services,"bakery, bakery production services, bakerys","Bakery Production Services bakery, bakery production services, bakerys"
Confectionery Manufacturing,"confectionery, confectionery manufacturing, confectionerys","Confectionery Manufacturing confectionery, confectionery manufacturing, confectionerys"
Distilling Services,"distilling, distilling services, distillings","Distilling Services distilling, distilling services, distillings"
Brewery Operations,"brewery, brewery operations, brewerys","Brewery Operations brewery, brewery operations, brewerys"
Non-Alcoholic Beverage Manufacturing,"alcoholic, alcoholics, beverage, beverages, non, non-alcoholic beverage manufacturing, nons","Non-Alcoholic Beverage Manufacturing alcoholic, alcoholics, beverage, beverages, non, non-alcoholic beverage manufacturing, nons"
Oil and Fat Manufacturing,"fat, fats, oil, oil and fat manufacturing, oils","Oil and Fat Manufacturing fat, fats, oil, oil and fat manufacturing, oils"
Rendering Services,"rendering, rendering services, renderings","Rendering Services rendering, rendering services, renderings"
Textile Manufacturing Services,"textile, textile manufacturing services, textiles","Textile Manufacturing Services textile, textile manufacturing services, textiles"
Carpet Manufacturing Services,"carpet, carpet manufacturing services, carpets","Carpet Manufacturing Services carpet, carpet manufacturing services, carpets"
Apparel Manufacturing,"apparel, apparel manufacturing, apparels","Apparel Manufacturing apparel, apparel manufacturing, apparels"
Accessory Manufacturing,"accessory, accessory manufacturing, accessorys","Accessory Manufacturing accessory, accessory manufacturing, accessorys"
Children's Clothing Manufacturing,"children, children's clothing manufacturing, childrens, clothing, clothings, s, ss","Children's Clothing Manufacturing children, children's clothing manufacturing, childrens, clothing, clothings, s, ss"
Window Treatment Manufacturing,"treatment, treatments, window, window treatment manufacturing, windows","Window Treatment Manufacturing treatment, treatments, window, window treatment manufacturing, windows"
Canvas Manufacturing,"canva, canvas, canvas manufacturing","Canvas Manufacturing canva, canvas, canvas manufacturing"
Rope Production Services,"rope, rope production services, ropes","Rope Production Services rope, rope production services, ropes"
Tent Manufacturing Services,"tent, tent manufacturing services, tents","Tent Manufacturing Services tent, tent manufacturing services, tents"
Wood Product Manufacturing,"product, products, wood, wood product manufacturing, woods","Wood Product Manufacturing product, products, wood, wood product manufacturing, woods"
Window and Door Manufacturing,"door, doors, window, window and door manufacturing, windows","Window and Door Manufacturing door, doors, window, window and door manufacturing, windows"
Cabinetry Manufacturing,"cabinetry, cabinetry manufacturing, cabinetrys","Cabinetry Manufacturing cabinetry, cabinetry manufacturing, cabinetrys"
Trim Manufacturing,"trim, trim manufacturing, trims","Trim Manufacturing trim, trim manufacturing, trims"
Pallet Manufacturing,"pallet, pallet manufacturing, pallets","Pallet Manufacturing pallet, pallet manufacturing, pallets"
Furniture Manufacturing,"furniture, furniture manufacturing, furnitures","Furniture Manufacturing furniture, furniture manufacturing, furnitures"
Bedding Manufacturing,"bedding, bedding manufacturing, beddings","Bedding Manufacturing bedding, bedding manufacturing, beddings"
Paper Production Services,"paper, paper production services, papers","Paper Production Services paper, paper production services, papers"
Stationery Manufacturing,"stationery, stationery manufacturing, stationerys","Stationery Manufacturing stationery, stationery manufacturing, stationerys"
Publishing Services,"publishing, publishing services, publishings","Publishing Services publishing, publishing services, publishings"
Printing Services,"printing, printing services, printings","Printing Services printing, printing services, printings"
Gas Manufacturing Services,"gas, gas manufacturing services, gass","Gas Manufacturing Services gas, gas manufacturing services, gass"
Ink Production Services,"ink, ink production services, inks","Ink Production Services ink, ink production services, inks"
Plastic Manufacturing,"plastic, plastic manufacturing, plastics","Plastic Manufacturing plastic, plastic manufacturing, plastics"
Cosmetic Manufacturing,"cosmetic, cosmetic manufacturing, cosmetics","Cosmetic Manufacturing cosmetic, cosmetic manufacturing, cosmetics"
Soap Production Services,"soap, soap production services, soaps","Soap Production Services soap, soap production services, soaps"
Chemical Manufacturing,"chemical, chemical manufacturing, chemicals","Chemical Manufacturing chemical, chemical manufacturing, chemicals"
Asphalt Production Services,"asphalt, asphalt production services, asphalts","Asphalt Production Services asphalt, asphalt production services, asphalts"
Rubber Manufacturing,"rubber, rubber manufacturing, rubbers","Rubber Manufacturing rubber, rubber manufacturing, rubbers"
Plastic Signage Production,"plastic, plastic signage production, plastics, signage, signages","Plastic Signage Production plastic, plastic signage production, plastics, signage, signages"
Media Production Services,"media, media production services, medias","Media Production Services media, media production services, medias"
Software Manufacturing,"software, software manufacturing, softwares","Software Manufacturing software, software manufacturing, softwares"
Food Processing Services,"food, food processing services, foods","Food Processing Services food, food processing services, foods"
Pharmaceutical Manufacturing,"pharmaceutical, pharmaceutical manufacturing, pharmaceuticals","Pharmaceutical Manufacturing pharmaceutical, pharmaceutical manufacturing, pharmaceuticals"
Laboratory Services,"laboratory, laboratory services, laboratorys","Laboratory Services laboratory, laboratory services, laboratorys"
Waste Management Services,"waste, waste management services, wastes","Waste Management Services waste, waste management services, wastes"
Recycling Services,"recycling, recycling services, recyclings","Recycling Services recycling, recycling services, recyclings"
Environmental Consulting,"consulting, consultings, environmental, environmental consulting, environmentals","Environmental Consulting consulting, consultings, environmental, environmental consulting, environmentals"
Property Management Services,"property, property management services, propertys","Property Management Services property, property management services, propertys"
Real Estate Services,"estate, estates, real, real estate services, reals","Real Estate Services estate, estates, real, real estate services, reals"
Insurance Services,"insurance, insurance services, insurances","Insurance Services insurance, insurance services, insurances"
Financial Services,"financial, financial services, financials","Financial Services financial, financial services, financials"
Legal Services,"legal, legal services, legals","Legal Services legal, legal services, legals"
Consulting Services,"consulting, consulting services, consultings","Consulting Services consulting, consulting services, consultings"
Marketing Services,"marketing, marketing services, marketings","Marketing Services marketing, marketing services, marketings"
Human Resources Services,"human, human resources services, humans, resource, resources","Human Resources Services human, human resources services, humans, resource, resources"
Management Consulting,"consulting, consultings, management consulting","Management Consulting consulting, consultings, management consulting"
Business Development Services,"busines, business, business development services, development, developments","Business Development Services busines, business, business development services, development, developments"
Project Management Services,"project, project management services, projects","Project Management Services project, project management services, projects"
Technology Consulting,"consulting, consultings, technology, technology consulting, technologys","Technology Consulting consulting, consultings, technology, technology consulting, technologys"
Software Development Services,"development, developments, software, software development services, softwares","Software Development Services development, developments, software, software development services, softwares"
Data Analysis Services,"analysi, analysis, data, data analysis services, datas","Data Analysis Services analysi, analysis, data, data analysis services, datas"
Market Research Services,"market, market research services, markets, research, researchs","Market Research Services market, market research services, markets, research, researchs"
Strategic Planning Services,"planning, plannings, strategic, strategic planning services, strategics","Strategic Planning Services planning, plannings, strategic, strategic planning services, strategics"
Training Services,"behavior training, coaching, obedience, trainer, training, training services, trainings","Training Services behavior training, coaching, obedience, trainer, training, training services, trainings"
Public Relations Services,"public, public relations services, publics, relation, relations","Public Relations Services public, public relations services, publics, relation, relations"
Event Planning Services,"event, event planning services, events, planning, plannings","Event Planning Services event, event planning services, events, planning, plannings"
Catering Services,"catering, catering services, caterings","Catering Services catering, catering services, caterings"
Travel Services,"travel, travel services, travels","Travel Services travel, travel services, travels"
Digital Marketing Services,"digital, digital marketing services, digitals, marketing, marketings","Digital Marketing Services digital, digital marketing services, digitals, marketing, marketings"
E-Commerce Services,"commerce, commerces, e, e-commerce services, es","E-Commerce Services commerce, commerces, e, e-commerce services, es"
Online Marketing Services,"marketing, marketings, online, online marketing services, onlines","Online Marketing Services marketing, marketings, online, online marketing services, onlines"
Content Creation Services,"content, content creation services, contents, creation, creations","Content Creation Services content, content creation services, contents, creation, creations"
Website Development Services,"development, developments, website, website development services, websites","Website Development Services development, developments, website, website development services, websites"
SEO Services,"seo, seo services, seos","SEO Services seo, seo services, seos"
Social Media Services,"media, medias, social, social media services, socials","Social Media Services media, medias, social, social media services, socials"
Branding Services,"branding, branding services, brandings","Branding Services branding, branding services, brandings"
Graphic Design Services,"design, designs, graphic, graphic design services, graphics","Graphic Design Services design, designs, graphic, graphic design services, graphics"
Advertising Services,"advertising, advertising services, advertisings","Advertising Services advertising, advertising services, advertisings"
Corporate Training Services,"behavior training, coaching, corporate, corporate training services, corporates, obedience, trainer, training, trainings","Corporate Training Services behavior training, coaching, corporate, corporate training services, corporates, obedience, trainer, training, trainings"
Health and Safety Consulting,"consulting, consultings, health, health and safety consulting, healthcare, healths, medical, safety, safetys","Health and Safety Consulting consulting, consultings, health, health and safety consulting, healthcare, healths, medical, safety, safetys"
Food Safety Services,"food, food safety services, foods, safety, safetys","Food Safety Services food, food safety services, foods, safety, safetys"
Quality Assurance Services,"assurance, assurances, quality, quality assurance services, qualitys","Quality Assurance Services assurance, assurances, quality, quality assurance services, qualitys"
Compliance Services,"compliance, compliance services, compliances","Compliance Services compliance, compliance services, compliances"
Environmental Health Services,"environmental, environmental health services, environmentals, health, healthcare, healths, medical","Environmental Health Services environmental, environmental health services, environmentals, health, healthcare, healths, medical"
Risk Assessment Services,"assessment, assessments, risk, risk assessment services, risks","Risk Assessment Services assessment, assessments, risk, risk assessment services, risks"
Crisis Management Services,"crisi, crisis, crisis management services","Crisis Management Services crisi, crisis, crisis management services"
Community Engagement Services,"community, community engagement services, communitys, engagement, engagements","Community Engagement Services community, community engagement services, communitys, engagement, engagements"
Stakeholder Services,"stakeholder, stakeholder services, stakeholders","Stakeholder Services stakeholder, stakeholder services, stakeholders"
Corporate Responsibility Services,"corporate, corporate responsibility services, corporates, responsibility, responsibilitys","Corporate Responsibility Services corporate, corporate responsibility services, corporates, responsibility, responsibilitys"
Fundraising Services,"fundraising, fundraising services, fundraisings","Fundraising Services fundraising, fundraising services, fundraisings"
Volunteer Services,"volunteer, volunteer services, volunteers","Volunteer Services volunteer, volunteer services, volunteers"
Non-Profit Management,"non, non-profit management, nons, profit, profits","Non-Profit Management non, non-profit management, nons, profit, profits"
Arts Services,"art, arts, arts services","Arts Services art, arts, arts services"
Sports Management Services,"sport, sports, sports management services","Sports Management Services sport, sports, sports management services"
Fitness Coaching,"coaching, coachings, fitnes, fitness, fitness coaching","Fitness Coaching coaching, coachings, fitnes, fitness, fitness coaching"
Health Promotion Services,"health, health promotion services, healthcare, healths, medical, promotion, promotions","Health Promotion Services health, health promotion services, healthcare, healths, medical, promotion, promotions"
Physical Therapy Services,"physical, physical therapy services, physicals, therapy, therapys","Physical Therapy Services physical, physical therapy services, physicals, therapy, therapys"
Occupational Health Services,"health, healthcare, healths, medical, occupational, occupational health services, occupationals","Occupational Health Services health, healthcare, healths, medical, occupational, occupational health services, occupationals"
